dollars_at_stake,ref,landed_japan,mark_usd,mark_conf,missing,dealer,title,japan_url
10534,16018,12716,23250,DERIVED,"c24, wf, ebay",commit,ロレックス デイトジャスト Ref.16018 イエローゴールド アイボリーコンピューター文字盤 中古 i56tgmo9,https://commit-watch.co.jp/products/i56tgmo9
10105,16550,10895,21000,EST,"c24, wf, ebay",craftandtailored,1984 Rolex Explorer II (Ref. 16550) Black Dial,https://www.craftandtailored.com/products/1984-rolex-explorer-ii-ref-16550-black-dial
8921,SBGC242,7912,16833,DERIVED,"c24, wf, ebay",okura,グランドセイコー Grand Seiko スプリングドライブ クロノグラフ GMT SBGC242(9R86-0AL0) ブラック ステンレススチール/ゴールド,https://ec.wb-ookura.com/products/2300045285881
7350,26022BC,43800,51150,DERIVED,"c24, wf, ebay",menta2,"Audemars Piguet ""26022BC"" Royal Oak Chronograph - Menta Watches- Buy Vintage and",https://mentawatches.com/product/audemars-piguet-26022bc-royal-oak-chronograph/
7012,16550,13988,21000,EST,"c24, wf, ebay",commit,ロレックス エクスプローラーII Ref.16550 ステンレススチール ホワイト文字盤 オイスターブレスレット 中古 xp8mrymf,https://commit-watch.co.jp/products/xp8mrymf
6718,SLGB023,1095,7813,DERIVED,"c24, wf, ebay",topper,"Grand Seiko Spring Drive U.F.A. ""Ushio"" 300 Diver 40.8mm SLGB023",https://www.topperjewelers.com/products/grand-seiko-slgb023
5826,16528,52631,58457,DERIVED,"c24, wf, ebay",commit,ロレックス デイトナ エルプリメロ Ref.16528 イエローゴールド ブラック文字盤 中古 5ai3jhnx,https://commit-watch.co.jp/products/5ai3jhnx
4679,SBGC249,6853,11532,DERIVED,"c24, wf, ebay",okura,グランドセイコー Grand Seiko エボリューション9コレクション スプリングドライブ GMT SBGC249(9R69-0AS0) ブルー チタン 自動,https://ec.wb-ookura.com/products/2300045516176
3942,310.20.42.50.02.001,15681,19623,DERIVED,"c24, wf, ebay",jackroad,オメガ OMEGA スピードマスター ムーンウォッチ プロフェッショナル コーアクシャル 310.20.42.50.02.001 新品 時計 メンズ,https://item.rakuten.co.jp/jackroad/om1643/
3836,220.92.43.22.99.001,9184,13020,DERIVED,"c24, wf, ebay",okura,オメガ OMEGA シーマスター アクアテラ GMT ワールドタイマー 220.92.43.22.99.001 グレー チタン 自動巻き メンズ 腕時計,https://ec.wb-ookura.com/products/2342250020604
3328,79613,6297,9626,DERIVED,"c24, wf, ebay",bettyroad,チューダー(チュードル) TUDOR ヘリテージ ブラックベイ ワン 31 79613-0005 新品 時計 レディース,https://item.rakuten.co.jp/bettyroad/tu778/
3308,215.32.46.21.03.001,9619,12927,DERIVED,"c24, wf, ebay",jackroad,オメガ OMEGA シーマスター プラネットオーシャン 6000 コーアクシャル マスタークロノメーター ウルトラディープ 215.32.46.21.03.00,https://item.rakuten.co.jp/jackroad/om1506/
3271,131.10.36.20.01.001,3611,6882,DERIVED,"c24, wf, ebay",jackroad,オメガ OMEGA コンステレーション コーアクシャル マスタークロノメーター 36 131.10.36.20.01.001 新品 時計 メンズ,https://item.rakuten.co.jp/jackroad/om1265/
3112,332.10.41.51.11.001,6839,9951,DERIVED,"c24, wf, ebay",jackroad,オメガ OMEGA スピードマスター 57 コーアクシャル マスタークロノメーター クロノグラフ 332.10.41.51.11.001 新品 時計 メンズ,https://item.rakuten.co.jp/jackroad/om1495/
2949,215.32.46.51.06.001,6444,9393,DERIVED,"c24, wf, ebay",jackroad,オメガ OMEGA シーマスター 600 プラネットオーシャン マスタークロノメーター クロノグラフ 215.32.46.51.06.001 新品 時計 メンズ,https://item.rakuten.co.jp/jackroad/om1734/
2949,215.32.46.51.01.004,6444,9393,DERIVED,"c24, wf, ebay",jackroad,オメガ OMEGA シーマスター 600 プラネットオーシャン マスタークロノメーター クロノグラフ 215.32.46.51.01.004 新品 時計 メンズ,https://item.rakuten.co.jp/jackroad/om1743/
2883,1655,25644,28527,DERIVED,"c24, wf, ebay",commit,ロレックス エクスプローラーII Ref.1655 ステンレススチール ブラック文字盤 オイスターブレスレット 中古 peordimm,https://commit-watch.co.jp/products/peordimm
2845,128349RBR,44506,47351,DERIVED,"c24, wf, ebay",okura,ロレックス ROLEX デイデイト36 128349RBR K18WG 自動巻き メンズ 腕時計,https://ec.wb-ookura.com/products/2343470011748
2718,131.30.41.21.01.001,4908,7626,DERIVED,"c24, wf, ebay",kitamura,【中古】 【美品】 オメガ(OMEGA) コンステレーション ブラック 131.30.41.21.01.001 ステンレススティール 【1年保証】,https://item.rakuten.co.jp/emedama/2483870064507/
2675,SLGA023,9043,11718,DERIVED,"c24, wf, ebay",okura,グランドセイコー Grand Seiko エボリューション9 コレクション スプリングドライブ SLGA023(9RA5-0AC0) ブルー チタン 自動巻き ,https://ec.wb-ookura.com/products/2300046140868
2457,SLGA023,9261,11718,DERIVED,"c24, wf, ebay",kitamura,【中古】 【良品】 グランドセイコー スプリングドライブ ブルー SLGA023/9RA5-0AC0 チタン 【1年保証】,https://item.rakuten.co.jp/emedama/2245460009899/
2419,131.10.25.60.55.001,1766,4185,DERIVED,"c24, wf, ebay",okura,オメガ OMEGA コンステレーション マンハッタン クオーツ 131.10.25.60.55.001 ホワイトシェル ステンレススチール クオーツ レディース,https://ec.wb-ookura.com/products/2341950021041
2395,332.10.41.51.11.001,7556,9951,DERIVED,"c24, wf, ebay",exquisite,Omega 332.10.41.51.11.001 Speedmaster 57 Coaxial Chronometer Chronograph Red Dia,https://www.exquisitetimepieces.com/products/omega-speedmaster-57-coaxial-chronometer-chronograph-red-dial-40-5mm-bracelet-nap210009n12297
2283,220.10.34.20.03.002,4599,6882,DERIVED,"c24, wf, ebay",jackroad,オメガ OMEGA シーマスター アクアテラ 220.10.34.20.03.002 中古 時計 男女兼用,https://item.rakuten.co.jp/jackroad/6422811/
2283,220.10.34.20.10.002,4599,6882,DERIVED,"c24, wf, ebay",jackroad,オメガ OMEGA シーマスター アクアテラ 220.10.34.20.10.002 中古 時計 男女兼用,https://item.rakuten.co.jp/jackroad/6422828/
2283,220.10.34.20.10.001,4599,6882,DERIVED,"c24, wf, ebay",jackroad,オメガ OMEGA シーマスター アクアテラ 220.10.34.20.10.001 中古 時計 男女兼用,https://item.rakuten.co.jp/jackroad/6422804/
2283,220.10.34.20.10.003,4599,6882,DERIVED,"c24, wf, ebay",jackroad,オメガ OMEGA シーマスター アクアテラ 220.10.34.20.10.003 中古 時計 男女兼用,https://item.rakuten.co.jp/jackroad/6422835/
2146,220.10.34.20.10.001,4736,6882,DERIVED,"c24, wf, ebay",bettyroad,オメガ OMEGA シーマスター アクアテラ 220.10.34.20.10.001 中古 時計 男女兼用,https://item.rakuten.co.jp/bettyroad/6422804/
2146,220.10.34.20.03.002,4736,6882,DERIVED,"c24, wf, ebay",bettyroad,オメガ OMEGA シーマスター アクアテラ 220.10.34.20.03.002 中古 時計 男女兼用,https://item.rakuten.co.jp/bettyroad/6422811/
2146,220.10.34.20.10.002,4736,6882,DERIVED,"c24, wf, ebay",bettyroad,オメガ OMEGA シーマスター アクアテラ 220.10.34.20.10.002 中古 時計 男女兼用,https://item.rakuten.co.jp/bettyroad/6422828/
2146,220.10.34.20.10.003,4736,6882,DERIVED,"c24, wf, ebay",bettyroad,オメガ OMEGA シーマスター アクアテラ 220.10.34.20.10.003 中古 時計 男女兼用,https://item.rakuten.co.jp/bettyroad/6422835/
1993,310.92.44.51.01.005,12980,14973,DERIVED,"c24, wf, ebay",jackroad,オメガ OMEGA スピードマスター ダークサイド・ オブ・ザ・ムーン 310.92.44.51.01.005 新品 時計 メンズ,https://item.rakuten.co.jp/jackroad/om1771/
1991,5513,11162,13153,DERIVED,"c24, wf, ebay",commit,ロレックス サブマリーナー Ref.5513 ステンレススチール ブラック文字盤 中古 mg64cb5c,https://commit-watch.co.jp/products/mg64cb5c
1985,215.32.44.21.06.001,5455,7440,DERIVED,"c24, wf, ebay",jackroad,オメガ OMEGA シーマスター 600 プラネットオーシャン マスタークロノメーター 215.32.44.21.06.001 新品 時計 メンズ,https://item.rakuten.co.jp/jackroad/om1744/
1932,210.92.42.20.10.001,8763,10695,DERIVED,"c24, wf, ebay",jackroad,オメガ OMEGA シーマスター ダイバー300M コーアクシャル マスター クロノメーター 210.92.42.20.10.001 新品 時計 メンズ,https://item.rakuten.co.jp/jackroad/om1718/
1814,18348A,24726,26540,DERIVED,"c24, wf, ebay",commit,ロレックス デイデイト Ref.18348A イエローゴールド シャンパン文字盤 中古 9ev62st4,https://commit-watch.co.jp/products/9ev62st4
1803,235.10.38.20.13.001,4521,6324,DERIVED,"c24, wf, ebay",okura,オメガ OMEGA シーマスター レイルマスター 235.10.38.20.13.001 ブラウン ステンレススチール 自動巻き メンズ 腕時計,https://ec.wb-ookura.com/products/2300045714626
1754,16800,8336,10090,DERIVED,"c24, wf, ebay",okura,ロレックス ROLEX サブマリーナ 16800 ブラック ステンレススチール 自動巻き メンズ 腕時計,https://ec.wb-ookura.com/products/2300046010697
1744,SBGH349,5510,7254,DERIVED,"c24, wf, ebay",okura,グランドセイコー Grand Seiko ヘリテージ コレクション メカニカルハイビート SBGH349(9S85-02E0) ブルー チタン 自動巻き メンズ,https://ec.wb-ookura.com/products/2300045961747
1680,220.20.30.20.63.001,10410,12090,DERIVED,"c24, wf, ebay",jackroad,オメガ OMEGA シーマスター アクアテラ 220.20.30.20.63.001 新品 時計 男女兼用,https://item.rakuten.co.jp/jackroad/om1760/
1655,131.10.25.60.52.001,2158,3813,DERIVED,"c24, wf, ebay",bettyroad,オメガ OMEGA コンステレーション マンハッタン ブラッシュクォーツ 131.10.25.60.52.001 中古 時計 レディース,https://item.rakuten.co.jp/bettyroad/6363671/
1635,SBGH347,5154,6789,DERIVED,"c24, wf, ebay",kitamura,【中古】 【美品】 グランドセイコー メカニカル ヘリテージコレクション SBGH347/9S85-02F0 アイスブルー 氷瀑 エバーブリリアントスチール 【,https://item.rakuten.co.jp/emedama/2449440034677/
1609,304.30.43.52.01.001,16340,17949,DERIVED,"c24, wf, ebay",jackroad,オメガ OMEGA スピードマスター ムーンフェイズ メテオライト 304.30.43.52.01.001 新品 時計 メンズ,https://item.rakuten.co.jp/jackroad/om1789/
1604,STGF286,1554,3158,DERIVED,"c24, wf, ebay",okura,グランドセイコー Grand Seiko ヘリテージ コレクション クォーツ STGF286(4J52-0AC0) ホワイトシェル ピンクゴールド/ステンレスス,https://ec.wb-ookura.com/products/2300046207059
1600,324.38.38.50.03.001,7607,9207,DERIVED,"c24, wf, ebay",ippo,"OMEGA 324.38.38.50.03.001 SPEEDMASTER 38 38 mm, steel on leather strap",https://www.ippojapanwatch.com/products/omega-324-38-38-50-03-001-speedmaster-38-38-mm-steel-on
1555,310.92.44.51.01.002,13046,14601,DERIVED,"c24, wf, ebay",jackroad,オメガ OMEGA スピードマスター ダークサイド・ オブ・ザ・ムーン 310.92.44.51.01.002 新品 時計 メンズ,https://item.rakuten.co.jp/jackroad/om1778/
1540,1665,13776,15316,DERIVED,"c24, wf, ebay",commit,ロレックス シードゥエラー Ref.1665 ステンレススチール ブラック文字盤 中古 wn4ed9pq,https://commit-watch.co.jp/products/wn4ed9pq
1537,AB0156161C1A1,7391,8928,DERIVED,"c24, wf, ebay",ippo,Breitling Superocean Heritage B01 Chronograph 42 AB0156161C1A1 Automatic Men's W,https://www.ippojapanwatch.com/products/breitling-ab0156161c1a1
1443,IW376803,4044,5487,DERIVED,"c24, wf, ebay",kitamura,【中古】 【良品】 IWC アクアタイマー ブラック IW376803 ステンレススティール 【1年保証】,https://item.rakuten.co.jp/emedama/2245460008946/
1403,6424,4868,6271,DERIVED,"c24, wf, ebay",firekids,ロレックス 1962年製 36㎜ビックオイスター Ref.6424 手巻 アルファハンド ブルースチール秒針,https://firekids.jp/products/detail/15699
1374,215.32.46.51.09.001,8763,10137,DERIVED,"c24, wf, ebay",jackroad,オメガ OMEGA シーマスター 600 プラネットオーシャン マスタークロノメーター クロノグラフ 215.32.46.51.09.001 新品 時計 メンズ,https://item.rakuten.co.jp/jackroad/om1763/
1373,434.10.40.20.06.001,3742,5115,DERIVED,"c24, wf, ebay",jackroad,オメガ OMEGA デ・ヴィル プレステージ コーアクシャル マスター クロノメーター 434.10.40.20.06.001 新品 時計 メンズ,https://item.rakuten.co.jp/jackroad/om1510/
1372,SBGN023,3697,5068,DERIVED,"c24, wf, ebay",kitamura,【中古】 【良品】 グランドセイコー クォーツ SBGN023 ブラック ブラック系 【1年保証】,https://item.rakuten.co.jp/emedama/2443060230099/
1369,220.20.30.20.63.001,10721,12090,DERIVED,"c24, wf, ebay",bettyroad,オメガ OMEGA シーマスター アクアテラ 220.20.30.20.63.001 新品 時計 男女兼用,https://item.rakuten.co.jp/bettyroad/om1760/
1346,428.17.26.60.04.002,2622,3968,DERIVED,"c24, wf, ebay",jackroad,オメガ OMEGA デ・ヴィル ミニ トレゾア 428.17.26.60.04.002 新品 時計 レディース,https://item.rakuten.co.jp/jackroad/om1464/
1338,130.33.39.21.03.001,5258,6596,DERIVED,"c24, wf, ebay",jackroad,オメガ OMEGA コンステレーション グローブマスター 130.33.39.21.03.001 新品 時計 メンズ,https://item.rakuten.co.jp/jackroad/om721/
1317,220.10.38.20.10.003,5286,6603,DERIVED,"c24, wf, ebay",kitamura,【中古】 【美品】 オメガ(OMEGA) シーマスター アクアテラ グリーン 220.10.38.20.10.003 ステンレススティール 【1年保証】,https://item.rakuten.co.jp/emedama/2245460010277/
1267,428.17.26.60.04.002,2701,3968,DERIVED,"c24, wf, ebay",bettyroad,オメガ OMEGA デ・ヴィル ミニ トレゾア 428.17.26.60.04.002 新品 時計 レディース,https://item.rakuten.co.jp/bettyroad/om1464/
1238,210.30.42.20.04.002,5551,6789,DERIVED,"c24, wf, ebay",kitamura,【中古】 【美品】 オメガ(OMEGA) シーマスター ダイバー300M 210.30.42.20.04.002 アメリカズカップ ホワイト ホワイト系 【1年,https://item.rakuten.co.jp/emedama/2245460010284/
1227,428.17.26.60.04.003,2543,3770,DERIVED,"c24, wf, ebay",okura,オメガ OMEGA デビル ミニ トレゾア 26mm 428.17.26.60.04.003 ホワイト ステンレススチール クオーツ レディース 腕時計,https://ec.wb-ookura.com/products/2300045322081
1198,522.21.42.20.04.001,6148,7346,DERIVED,"c24, wf, ebay",kitamura,【中古】 【美品】 オメガ(OMEGA) シーマスター ダイバー300M 522.21.42.20.04.001 パリ2024 ホワイト ホワイト系 【1年保証,https://item.rakuten.co.jp/emedama/2245460007796/
1197,131.13.34.20.02.001,5964,7161,DERIVED,"c24, wf, ebay",ippo,"OMEGA 131.13.34.20.02.001 CONSTELLATION 34 mm, steel on leather strap",https://www.ippojapanwatch.com/products/omega-131-13-34-20-02-001-constellation-34-mm-steel-on
1191,16523G,16814,18005,DERIVED,"c24, wf, ebay",commit,ロレックス デイトナ エルプリメロ Ref.16523G ステンレススチール/イエローゴールド シャンパン×8Pダイヤ文字盤 中古 s9k5a82m,https://commit-watch.co.jp/products/s9k5a82m
1159,217.32.42.21.01.002,6839,7998,DERIVED,"c24, wf, ebay",jackroad,オメガ OMEGA シーマスター プラネット オーシャン 600M 217.32.42.21.01.002 新品 時計 メンズ,https://item.rakuten.co.jp/jackroad/om1772/
1158,131.10.28.60.11.001,2190,3348,DERIVED,"c24, wf, ebay",okura,オメガ OMEGA コンステレーション 131.10.28.60.11.001 ピンク ステンレススチール クオーツ レディース 腕時計,https://ec.wb-ookura.com/products/2300044943058
1148,428.17.26.60.04.003,2622,3770,DERIVED,"c24, wf, ebay",jackroad,オメガ OMEGA デ・ヴィル ミニ トレゾア 428.17.26.60.04.003 新品 時計 レディース,https://item.rakuten.co.jp/jackroad/om1465/
1148,428.17.26.60.04.001,2622,3770,DERIVED,"c24, wf, ebay",jackroad,オメガ OMEGA デ・ヴィル ミニ トレゾア 428.17.26.60.04.001 新品 時計 レディース,https://item.rakuten.co.jp/jackroad/om1466/
1109,522.32.40.20.01.003,3611,4720,DERIVED,"c24, wf, ebay",jackroad,オメガ OMEGA シーマスター オリンピック オフィシャル タイムキーパー リミテッド 522.32.40.20.01.003 新品 時計 メンズ,https://item.rakuten.co.jp/jackroad/om920/
1103,424.25.27.60.58.001,4239,5342,DERIVED,"c24, wf, ebay",okura,オメガ OMEGA デビルブレステージ 424.25.27.60.58.001 ゴールド ゴールド/ステンレススチール クオーツ レディース 腕時計,https://ec.wb-ookura.com/products/2300045737984
1069,428.17.26.60.04.001,2701,3770,DERIVED,"c24, wf, ebay",bettyroad,オメガ OMEGA デ・ヴィル ミニ トレゾア 428.17.26.60.04.001 新品 時計 レディース,https://item.rakuten.co.jp/bettyroad/om1466/
1069,428.17.26.60.04.003,2701,3770,DERIVED,"c24, wf, ebay",bettyroad,オメガ OMEGA デ・ヴィル ミニ トレゾア 428.17.26.60.04.003 新品 時計 レディース,https://item.rakuten.co.jp/bettyroad/om1465/
1066,235.10.38.20.13.001,5258,6324,DERIVED,"c24, wf, ebay",jackroad,オメガ OMEGA シーマスター レイルマスター 235.10.38.20.13.001 新品 時計 メンズ,https://item.rakuten.co.jp/jackroad/om1798/
1060,SRQ041,1916,2976,DERIVED,"c24, wf, ebay",exquisite,Seiko Prospex SRQ041,https://www.exquisitetimepieces.com/products/seiko-prospex-srq041-limited-edition-210000031725
1046,234.32.41.21.03.001,6022,7068,DERIVED,"c24, wf, ebay",exquisite,Omega 234.32.41.21.03.001 Seamaster 300 Master Chronometer,https://www.exquisitetimepieces.com/products/omega-234-32-41-21-03-001-seamaster-300-master-chronometer-nap210009n12365
1040,STGK033,5098,6138,DERIVED,"c24, wf, ebay",ippo,Grand Seiko STGK033 Automatic Movement Sapphire Crystal Stainless Steel Case Ele,https://www.ippojapanwatch.com/products/grand-seiko-stgk033-automatic-movement-sapphire-crystal-stainless-steel-case-elegant-design
1035,E10379351B1E1,6033,7068,DERIVED,"c24, wf, ebay",ippo,Breitling Superocean Automatic 46 E10379351B1E1 Super Diver Men's Watch,https://www.ippojapanwatch.com/products/breitling-e10379351b1e1
1031,AB3111241B1A1,5293,6324,DERIVED,"c24, wf, ebay",ippo,Breitling Superocean Heritage AB3111241B1A1 Automatic 42mm Men's Unisex Watch,https://www.ippojapanwatch.com/products/breitling-ab3111241b1a1
1027,210.32.42.20.06.002,5390,6417,DERIVED,"c24, wf, ebay",jackroad,オメガ OMEGA シーマスター ダイバー300M コーアクシャル マスター クロノメーター 210.32.42.20.06.002 新品 時計 メンズ,https://item.rakuten.co.jp/jackroad/om1732/
1026,SBGW323,4461,5487,DERIVED,"c24, wf, ebay",ippo,Grand Seiko SBGW323 Elegant Design Automatic Movement Sapphire Crystal Stainless,https://www.ippojapanwatch.com/products/grand-seiko-sbgw323-elegant-design-automatic-movement-sapphire-crystal-stainless-steel-case-water-resistant
1016,220.10.30.20.02.001,5587,6603,DERIVED,"c24, wf, ebay",jackroad,オメガ OMEGA シーマスター アクアテラ 220.10.30.20.02.001 新品 時計 レディース,https://item.rakuten.co.jp/jackroad/om1737/
1016,220.10.30.20.10.002,5587,6603,DERIVED,"c24, wf, ebay",jackroad,オメガ OMEGA シーマスター アクアテラ 220.10.30.20.10.002 新品 時計 レディース,https://item.rakuten.co.jp/jackroad/om1756/
1016,220.10.30.20.03.001,5587,6603,DERIVED,"c24, wf, ebay",jackroad,オメガ OMEGA シーマスター アクアテラ 220.10.30.20.03.001 新品 時計 レディース,https://item.rakuten.co.jp/jackroad/om1745/
994,SLA061,2075,3069,DERIVED,"c24, wf, ebay",exquisite,Seiko Prospex SLA061 1970 Mechanical Diver's Modern Re-interpretation,https://www.exquisitetimepieces.com/products/seiko-prospex-sla061-1970-mechanical-divers-modern-re-interpretation-210000045061
993,SLA055,3285,4278,DERIVED,"c24, wf, ebay",exquisite,Seiko Prospex SLA055 1968 Divers Modern Re-interpretation Save the Ocean Limited,https://www.exquisitetimepieces.com/products/seiko-prospex-sla055-1968-divers-modern-re-interpretation-save-the-ocean-limited-edition-210000078424
954,424.57.37.20.55.003,8972,9926,DERIVED,"c24, wf, ebay",commit,オメガ デ ヴィル プレステージ バタフライ Ref.424.57.37.20.55.003 レッドゴールド ホワイト文字盤 未使用 dssobs3o,https://commit-watch.co.jp/products/dssobs3o
947,A17375E71C1A1,2952,3899,DERIVED,"c24, wf, ebay",jackroad,ブライトリング BREITLING スーパーオーシャン オートマティック 42 A17375E71C1A1 中古 時計 メンズ,https://item.rakuten.co.jp/jackroad/5764738/
911,N17375201L1S1,3676,4587,DERIVED,"c24, wf, ebay",jackroad,ブライトリング BREITLING スーパーオーシャン オートマティック 42 N17375201L1S1 中古 時計 メンズ,https://item.rakuten.co.jp/jackroad/5832192/
896,210.32.42.20.01.006,5521,6417,DERIVED,"c24, wf, ebay",jackroad,オメガ OMEGA シーマスター ダイバー300M コーアクシャル マスター クロノメーター 210.32.42.20.01.006 新品 時計 メンズ,https://item.rakuten.co.jp/jackroad/om1753/
894,STGF385,4779,5673,DERIVED,"c24, wf, ebay",ippo,Grand Seiko STGF385 Elegant Women's Watch - Automatic Movement - Sapphire Crysta,https://www.ippojapanwatch.com/products/grand-seiko-stgf385-elegant-womens-watch-automatic-movement-sapphire-crystal-stainless-steel-case-water
872,210.30.42.20.01.018,5917,6789,DERIVED,"c24, wf, ebay",jackroad,オメガ OMEGA シーマスター ダイバー300M コーアクシャル マスター クロノメーター 210.30.42.20.01.018 新品 時計 メンズ,https://item.rakuten.co.jp/jackroad/om1750/
856,SBGW287,3887,4743,DERIVED,"c24, wf, ebay",ippo,SEIKO SBGW287 Mechanical Hand-Wound Watch Stainless Steel Case Elegant Design 72,https://www.ippojapanwatch.com/products/seiko-sbgw287-mechanical-hand-wound-watch-stainless-steel-case-elegant-design-72-hour-power-reserve
849,220.10.30.20.10.002,5754,6603,DERIVED,"c24, wf, ebay",bettyroad,オメガ OMEGA シーマスター アクアテラ 220.10.30.20.10.002 新品 時計 レディース,https://item.rakuten.co.jp/bettyroad/om1756/
849,220.10.30.20.02.001,5754,6603,DERIVED,"c24, wf, ebay",bettyroad,オメガ OMEGA シーマスター アクアテラ 220.10.30.20.02.001 新品 時計 レディース,https://item.rakuten.co.jp/bettyroad/om1737/
808,SLA063,2075,2883,DERIVED,"c24, wf, ebay",exquisite,Seiko Prospex SLA063 1970 Diver's Watch Modern Re-Interpretation Limited Edition,https://www.exquisitetimepieces.com/products/seiko-prospex-sla063-1970-diver-s-watch-modern-re-interpretation-limited-edition-14356
800,131.20.25.60.53.002,7105,7905,DERIVED,"c24, wf, ebay",ippo,Omega Constellation ON Quartz 25MM 131.20.25.60.53.002 watch,https://www.ippojapanwatch.com/products/omega-constellation-on-quartz-25mm-131-20-25-60-53-002-watch
750,215.33.44.22.01.001,6246,6996,DERIVED,"c24, wf, ebay",jackroad,オメガ OMEGA シーマスター 600 プラネットオーシャン GMT マスタークロノメーター 215.33.44.22.01.001 新品 時計 メンズ,https://item.rakuten.co.jp/jackroad/om776/
748,SLA075,1856,2604,DERIVED,"c24, wf, ebay",exquisite,Seiko Prospex SLA075 1968 Diver's Modern Re-interpretation Special Edition,https://www.exquisitetimepieces.com/products/seiko-prospex-sla075-1968-divers-modern-re-interpretation-special-edition-210000049682
691,16234,6005,6696,DERIVED,"c24, wf, ebay",okura,ロレックス ROLEX デイトジャスト 16234 ゴールド ホワイトゴールド/ステンレススチール 自動巻き メンズ 腕時計,https://ec.wb-ookura.com/products/2351050001812
690,217.32.42.21.01.002,7308,7998,DERIVED,"c24, wf, ebay",ippo,"OMEGA 217.32.42.21.01.002 NEW SEAMASTER PLANET OCEAN 600M 42 mm, steel on rubber",https://www.ippojapanwatch.com/products/omega-217-32-42-21-01-002-new-seamaster-planet-ocean-600
652,16200,5298,5950,EST,"c24, wf, ebay",okura,ロレックス ROLEX デイトジャスト 16200 ホワイト ステンレススチール 自動巻き メンズ 腕時計,https://ec.wb-ookura.com/products/2300046010604
626,131.13.34.20.53.001,7837,8463,DERIVED,"c24, wf, ebay",ippo,"OMEGA 131.13.34.20.53.001 CONSTELLATION 34 mm, steel on leather strap",https://www.ippojapanwatch.com/products/omega-131-13-34-20-53-001-constellation-34-mm-steel-on
622,1665,14694,15316,DERIVED,"c24, wf, ebay",commit,ロレックス シードゥエラー Ref.1665 ステンレススチール ブラック文字盤 中古 bfh885c3,https://commit-watch.co.jp/products/bfh885c3
607,522.92.44.20.04.001,9158,9765,DERIVED,"c24, wf, ebay",jackroad,オメガ OMEGA シーマスター ダイバー300 ミラノコルティナ オリンピック 2026 リミテッド 522.92.44.20.04.001 新品 時計 男女,https://item.rakuten.co.jp/jackroad/om1793/
592,16013,5228,5820,DERIVED,"c24, wf, ebay",okura,ロレックス ROLEX デイトジャスト 16013 ゴールド(モザイク) ゴールド/ステンレススチール 自動巻き メンズ 腕時計,https://ec.wb-ookura.com/products/2351050003908
553,SBGY013,6148,6701,DERIVED,"c24, wf, ebay",kitamura,【中古】 【美品】 グランドセイコー スプリングドライブ ホワイト SBGY013/9R31-0AD0 ステンレススティール 【1年保証】,https://item.rakuten.co.jp/emedama/2449390083817/
522,131.20.28.60.02.001,5244,5766,DERIVED,"c24, wf, ebay",ippo,Omega Constellation ON Quartz 28MM 131.20.28.60.02.001 watch,https://www.ippojapanwatch.com/products/omega-constellation-on-quartz-28mm-131-20-28-60-02-001-watch
521,SNR053,5059,5580,DERIVED,"c24, wf, ebay",exquisite,Seiko Prospex LX Line SNR053 Luxe TI Automatic Green-Black Dial U.S. SE,https://www.exquisitetimepieces.com/products/seiko-prospex-lx-line-snr053-luxe-ti-automatic-green-black-dial-u-s-se-nap21000n14274
520,215.32.44.21.04.001,4994,5514,DERIVED,"c24, wf, ebay",jackroad,オメガ OMEGA シーマスター 600 プラネットオーシャン マスタークロノメーター 215.32.44.21.04.001 新品 時計 メンズ,https://item.rakuten.co.jp/jackroad/om1349/
518,215.32.46.21.04.001,9619,10137,DERIVED,"c24, wf, ebay",jackroad,オメガ OMEGA シーマスター プラネットオーシャン 6000 コーアクシャル マスタークロノメーター ウルトラディープ 215.32.46.21.04.00,https://item.rakuten.co.jp/jackroad/om1477/
485,16523G,17520,18005,DERIVED,"c24, wf, ebay",commit,ロレックス デイトナ エルプリメロ Ref.16523G ステンレススチール/イエローゴールド シャンパン×8Pダイヤ文字盤 中古 w53hnfmn,https://commit-watch.co.jp/products/w53hnfmn
456,AB3114101C1A1,5073,5529,DERIVED,"c24, wf, ebay",jackroad,ブライトリング BREITLING クロノマット B31 オートマチック 40 AB3114101C1A1 新品 時計 メンズ,https://item.rakuten.co.jp/jackroad/br1596/
444,WBN2010,2119,2563,DERIVED,"c24, wf, ebay",okura,タグ・ホイヤー TAG HEUER カレラ キャリバー5 デイデイト WBN2010 ブラック ステンレススチール 自動巻き メンズ 腕時計,https://ec.wb-ookura.com/products/2351050002840
428,SBGA203,3744,4172,DERIVED,"c24, wf, ebay",okura,グランドセイコー Grand Seiko ヘリテージコレクション スプリングドライブ SBGA203(9R65-0AA0) ブラック ステンレススチール 自動巻,https://ec.wb-ookura.com/products/2351050002482
414,215.32.44.21.01.002,5258,5672,DERIVED,"c24, wf, ebay",jackroad,オメガ OMEGA シーマスター 600 プラネットオーシャン マスタークロノメーター 215.32.44.21.01.002 新品 時計 メンズ,https://item.rakuten.co.jp/jackroad/om1784/
409,16234,6287,6696,DERIVED,"c24, wf, ebay",okura,ロレックス ROLEX デイトジャスト 16234 ブルー ホワイトゴールド/ステンレススチール 自動巻き メンズ 腕時計,https://ec.wb-ookura.com/products/2300045161246
388,SPB263,914,1302,DERIVED,"c24, wf, ebay",exquisite,"Seiko Prospex ""Ice Diver"" U.S Special Edition SPB263",https://www.exquisitetimepieces.com/products/seiko-prospex-spb263-210000023112
379,17013,5934,6313,DERIVED,"c24, wf, ebay",okura,ロレックス ROLEX デイトジャスト 17013 ゴールド ゴールド/ステンレススチール クオーツ メンズ 腕時計,https://ec.wb-ookura.com/products/2300045537768
337,16660,14363,14700,EST,"c24, wf, ebay",jackroad,ロレックス ROLEX シードゥエラー 16660 ヴィンテージ 時計 メンズ,https://item.rakuten.co.jp/jackroad/5479618/
325,SNR055,5255,5580,DERIVED,"c24, wf, ebay",topper,Pre-Owned Seiko Prospex LX GMT U.S. Special Edition SNR055,https://www.topperjewelers.com/products/pre-owned-seiko-21852
306,SBGA499,5088,5394,DERIVED,"c24, wf, ebay",kitamura,【中古】 【良品】 グランドセイコー スプリングドライブ エレガンスコレクション レッド SBGA499/9R65-0EY0 ステンレススティール キャリバー9,https://item.rakuten.co.jp/emedama/2245460008700/
304,SJE097,2300,2604,DERIVED,"c24, wf, ebay",exquisite,Seiko Prospex SJE097 Marinemaster 1965 Diver's Modern Re-Interpretation Limited ,https://www.exquisitetimepieces.com/products/seiko-prospex-marinemaster-1965-divers-modern-re-interpretation-limited-edition-sje097-ns21000936578
304,16750,12716,13020,DERIVED,"c24, wf, ebay",commit,ロレックス GMTマスター Ref.16750 ステンレススチール ブラック文字盤 オイスターブレスレット 中古 8asiyxju,https://commit-watch.co.jp/products/8asiyxju
