priority,brand,reference,japan_listings,dollars_at_stake,max_landed_usd,chrono24_url,example_title
1,Rolex,126729VTNR,4,0,53895,https://www.chrono24.com/search/index.htm?dosearch=true&query=126729VTNR&sortorder=1,PRICEDOWN ROLEX GMT Master II 126729VTNR Green Random Serial
2,Grand Seiko,SBGX261,4,0,2107,https://www.chrono24.com/search/index.htm?dosearch=true&query=SBGX261&sortorder=1,【中古】 【良品】 グランドセイコー ヘリテージコレクション ブラック SBGX261 ステンレススティール 【1年保証
3,Cartier,WGTA0010,4,0,14249,https://www.chrono24.com/search/index.htm?dosearch=true&query=WGTA0010&sortorder=1,カルティエ CARTIER タンク ルイ カルティエ SM WGTA0010 中古 時計 レディース
4,Audemars Piguet,15550ST,3,0,57788,https://www.chrono24.com/search/index.htm?dosearch=true&query=15550ST&sortorder=1,オーデマピゲ ロイヤルオーク Ref.15550ST.OO.1356ST.07 ステンレススチール グレー文字盤 中古 
5,Tudor,25610TNL,3,0,4665,https://www.chrono24.com/search/index.htm?dosearch=true&query=25610TNL&sortorder=1,ペラゴス レフトハンド ドライブ
6,Omega,326.30.40.50.01.002,2,618,3697,https://www.chrono24.com/search/index.htm?dosearch=true&query=326.30.40.50.01.002&sortorder=1,【中古】 【並品】 オメガ(OMEGA) スピードマスター レーシング ブラック/ホワイト 326.30.40.50.0
7,Grand Seiko,SBGX263,2,63,1709,https://www.chrono24.com/search/index.htm?dosearch=true&query=SBGX263&sortorder=1,【中古】 【良品】 グランドセイコー クォーツ シルバー SBGX263/9F62-0AB0 ステンレススティール 【1
8,Audemars Piguet,15510BC,2,0,105968,https://www.chrono24.com/search/index.htm?dosearch=true&query=15510BC&sortorder=1,オーデマピゲ ロイヤルオーク Ref.15510BC.OO.1320BC.04 ホワイトゴールド スモークブルー文字盤 
9,Rolex,116505,2,0,50415,https://www.chrono24.com/search/index.htm?dosearch=true&query=116505&sortorder=1,Rolex Cosmograph Daytona 116505 Pink × Black V Series Used M
10,Audemars Piguet,26393OR,2,0,38502,https://www.chrono24.com/search/index.htm?dosearch=true&query=26393OR&sortorder=1,オーデマ ピゲ AUDEMARS PIGUET CODE 11.59 バイ オーデマピゲ クロノグラフ 26393OR.
11,Rolex,127235,2,0,58507,https://www.chrono24.com/search/index.htm?dosearch=true&query=127235&sortorder=1,PRICEDOWN Rolex Land Dweller 36 127235 White Honeycomb Motif
12,Tudor,79733N,2,0,4707,https://www.chrono24.com/search/index.htm?dosearch=true&query=79733N&sortorder=1,ブラックベイ
13,Rolex,126201,1,1889,13037,https://www.chrono24.com/search/index.htm?dosearch=true&query=126201&sortorder=1,PRICEDOWN Rolex Datejust 36 126201 Silver Palm Motif Bar 3 R
14,Grand Seiko,SLGW007,1,320,7630,https://www.chrono24.com/search/index.htm?dosearch=true&query=SLGW007&sortorder=1,グランドセイコー エボリューション9 コレクション 手巻メカニカルハイビート 36000 Ref.SLGW007 ステン
15,Grand Seiko,SLGB003,1,177,8599,https://www.chrono24.com/search/index.htm?dosearch=true&query=SLGB003&sortorder=1,【中古】 【美品】 グランドセイコー スプリングドライブ エボリューション9コレクション ライトブルー SLGB003/
16,Audemars Piguet,26393NR,1,122,30731,https://www.chrono24.com/search/index.htm?dosearch=true&query=26393NR&sortorder=1,オーデマピゲ CODE 11.59 バイ オーデマ ピゲ クロノグラフ Ref.26393NR.OO.A002KB.02
17,Vacheron Constantin,4600V/200A-B980,1,121,23666,https://www.chrono24.com/search/index.htm?dosearch=true&query=4600V%2F200A-B980&sortorder=1,ヴァシュロンコンスタンタン オーヴァーシーズ オートマティック Ref.4600V/200A-B980 ステンレススチー
18,Audemars Piguet,26420SO,1,111,30731,https://www.chrono24.com/search/index.htm?dosearch=true&query=26420SO&sortorder=1,オーデマピゲ ロイヤルオーク オフショア クロノグラフ Ref.26420SO.OO.A002CA.01 ステンレススチ
19,Omega,220.10.41.21.03.006,1,86,5917,https://www.chrono24.com/search/index.htm?dosearch=true&query=220.10.41.21.03.006&sortorder=1,オメガ OMEGA シーマスター アクアテラ ターコイズ 220.10.41.21.03.006 新品 時計 メンズ
20,Breitling,A17375,1,83,3100,https://www.chrono24.com/search/index.htm?dosearch=true&query=A17375&sortorder=1,【中古】 【良品】 ブライトリング スーパーオーシャン 42 ブラック A17375211B1S1/A17375 ステン
21,Grand Seiko,SBGJ277,1,57,5485,https://www.chrono24.com/search/index.htm?dosearch=true&query=SBGJ277&sortorder=1,【中古】 【美品】 グランドセイコー メカニカル シルバー SBGJ277/9S86-00K0 ステンレススティール 【
22,Tudor,91550,1,30,1554,https://www.chrono24.com/search/index.htm?dosearch=true&query=91550&sortorder=1,1926
23,Grand Seiko,SBGE295,1,16,5088,https://www.chrono24.com/search/index.htm?dosearch=true&query=SBGE295&sortorder=1,【中古】 【美品】 グランドセイコー スプリングドライブ GMT グリーン SBGE295/9R66-0BK0 ステンレ
24,Grand Seiko,SBGR325,1,2,3763,https://www.chrono24.com/search/index.htm?dosearch=true&query=SBGR325&sortorder=1,【中古】 【並品】 グランドセイコー メカニカル ブルー SBGR325 ステンレススティール 【1年保証】
25,Omega,210.30.42.20.06.001,1,0,4028,https://www.chrono24.com/search/index.htm?dosearch=true&query=210.30.42.20.06.001&sortorder=1,【中古】 【良品】 オメガ(OMEGA) シーマスター ダイバー300M グレー 210.30.42.20.06.001
26,Omega,210.32.42.20.01.003,1,0,5390,https://www.chrono24.com/search/index.htm?dosearch=true&query=210.32.42.20.01.003&sortorder=1,オメガ OMEGA シーマスター ダイバー300M コーアクシャル マスター クロノメーター 210.32.42.20.
27,Grand Seiko,SBGR315,1,0,3113,https://www.chrono24.com/search/index.htm?dosearch=true&query=SBGR315&sortorder=1,【中古】 【良品】 グランドセイコー メカニカル シルバー SBGR315/ 9S65-00T0 ステンレススティール 
28,Grand Seiko,SBGN029,1,0,2703,https://www.chrono24.com/search/index.htm?dosearch=true&query=SBGN029&sortorder=1,【中古】 【並品】 グランドセイコー クォーツ GMT ブラック SBGN029 ステンレススティール 【1年保証】
29,Rolex,126680,1,0,29517,https://www.chrono24.com/search/index.htm?dosearch=true&query=126680&sortorder=1,ロレックス ROLEX ヨットマスターII 126680 新品 時計 メンズ
30,Rolex,126579RBR,1,0,88628,https://www.chrono24.com/search/index.htm?dosearch=true&query=126579RBR&sortorder=1,Rolex Cosmograph Daytona Bezel Diamond 8P Diamond 126579RBR 
31,Vacheron Constantin,5520V/210A-B148,1,0,37795,https://www.chrono24.com/search/index.htm?dosearch=true&query=5520V%2F210A-B148&sortorder=1,ヴァシュロンコンスタンタン オーヴァーシーズ クロノグラフ Ref.5520V/210A-B148 ステンレススチール 
32,Audemars Piguet,26715ST,1,0,48604,https://www.chrono24.com/search/index.htm?dosearch=true&query=26715ST&sortorder=1,オーデマピゲ ロイヤルオーク クロノグラフ Ref.26715ST.OO.1356ST.02 ステンレススチール グレー
33,Rolex,116515,1,0,38873,https://www.chrono24.com/search/index.htm?dosearch=true&query=116515&sortorder=1,ロレックス ROLEX コスモグラフ デイトナ 116515 中古 時計 メンズ
34,Omega,329.30.44.51.01.001,1,0,6346,https://www.chrono24.com/search/index.htm?dosearch=true&query=329.30.44.51.01.001&sortorder=1,【中古】 【良品】 オメガ(OMEGA) スピードマスター レーシング ブラック 329.30.44.51.01.001
35,Rolex,279161,1,0,11069,https://www.chrono24.com/search/index.htm?dosearch=true&query=279161&sortorder=1,ロレックス ROLEX レディ デイトジャスト 28 279161 中古 時計 レディース
36,Cartier,W4BB0028,1,0,7328,https://www.chrono24.com/search/index.htm?dosearch=true&query=W4BB0028&sortorder=1,カルティエ CARTIER バロン ブルー ドゥ カルティエ 33mm W4BB0028 中古 時計 レディース
37,Grand Seiko,SBGW301,1,0,3895,https://www.chrono24.com/search/index.htm?dosearch=true&query=SBGW301&sortorder=1,【中古】 【良品】 グランドセイコー メカニカル アイボリー [ホワイト系] SBGW301/9S64-00Z0 ステン
38,Omega,210.90.42.20.10.001,1,0,9554,https://www.chrono24.com/search/index.htm?dosearch=true&query=210.90.42.20.10.001&sortorder=1,オメガ OMEGA シーマスター ダイバー300M コーアクシャル マスター クロノメーター 210.90.42.20.
39,Vacheron Constantin,4520V/210A-B483,1,0,28823,https://www.chrono24.com/search/index.htm?dosearch=true&query=4520V%2F210A-B483&sortorder=1,ヴァシュロンコンスタンタン オーヴァーシーズ オートマティック Ref.4520V/210A-B483 ステンレススチー
40,Rolex,278341RBR,1,0,19138,https://www.chrono24.com/search/index.htm?dosearch=true&query=278341RBR&sortorder=1,Rolex Datejust 31 278341RBR Slate (Darkclodia/Grey) Bars 5 R
41,Omega,231.10.39.60.06.001,1,0,2438,https://www.chrono24.com/search/index.htm?dosearch=true&query=231.10.39.60.06.001&sortorder=1,【中古】 【良品】 オメガ(OMEGA) シーマスター アクアテラ グレー 231.10.39.60.06.001 ステ
42,Rolex,50535,1,0,27166,https://www.chrono24.com/search/index.htm?dosearch=true&query=50535&sortorder=1,PRICEDOWN Rolex Cellini Moonphase 50535 White Random Number 
43,Omega,210.30.42.20.01.010,1,0,5983,https://www.chrono24.com/search/index.htm?dosearch=true&query=210.30.42.20.01.010&sortorder=1,オメガ OMEGA シーマスター ダイバー300M コーアクシャル マスター クロノメーター 210.30.42.20.
44,Rolex,116622,1,0,13281,https://www.chrono24.com/search/index.htm?dosearch=true&query=116622&sortorder=1,ロレックス ヨットマスター40 Ref.116622 ステンレススチール/プラチナ ダークロジウム文字盤 中古 j3bh
45,A. Lange & Sohne,201.027,1,0,18226,https://www.chrono24.com/search/index.htm?dosearch=true&query=201.027&sortorder=1,A.ランゲ＆ゾーネ サクソニア フラッハ Ref.201.027 ホワイトゴールド シルバー文字盤 中古 55ethru
46,Tudor,79310N,1,0,9890,https://www.chrono24.com/search/index.htm?dosearch=true&query=79310N&sortorder=1,チューダー(チュードル) ブラックベイ クロノ 39 Ref.79310N ステンレススチール イエロー文字盤 未使用 
47,Omega,215.30.40.20.03.002,1,0,6312,https://www.chrono24.com/search/index.htm?dosearch=true&query=215.30.40.20.03.002&sortorder=1,オメガ OMEGA シーマスター 600 プラネットオーシャン コーアクシャル マスタークロノメーター 215.30.4
48,Vacheron Constantin,4200H/222A-B934,1,0,57081,https://www.chrono24.com/search/index.htm?dosearch=true&query=4200H%2F222A-B934&sortorder=1,ヴァシュロンコンスタンタン ヒストリーク 222 Ref.4200H/222A-B934 ステンレススチール ブルー文字
49,Vacheron Constantin,4400E/000A-B437,1,0,15895,https://www.chrono24.com/search/index.htm?dosearch=true&query=4400E%2F000A-B437&sortorder=1,ヴァシュロンコンスタンタン フィフティーシックス デイ／デイト Ref.4400E/000A-B437 ステンレススチー
50,Cartier,WSSA0022,1,0,4757,https://www.chrono24.com/search/index.htm?dosearch=true&query=WSSA0022&sortorder=1,【中古】 【美品】 カルティエ サントスデュモン LM シルバー WSSA0022 ステンレススティール 【1年保証】
51,Cartier,WSPN0013,1,0,5754,https://www.chrono24.com/search/index.htm?dosearch=true&query=WSPN0013&sortorder=1,カルティエ CARTIER パンテール ドゥ カルティエ SM WSPN0013 新品 時計 レディース
52,Omega,311.33.42.30.01.001,1,0,5353,https://www.chrono24.com/search/index.htm?dosearch=true&query=311.33.42.30.01.001&sortorder=1,【中古】 【良品】 オメガ(OMEGA) スピードマスター プロフェッショナル ブラック 311.33.42.30.01
53,A. Lange & Sohne,414.026,1,0,62874,https://www.chrono24.com/search/index.htm?dosearch=true&query=414.026&sortorder=1,A.ランゲ＆ゾーネ 1815 クロノグラフ Ref.414.026 ホワイトゴールド シルバー文字盤 中古 rhxptu
54,Cartier,WHSA0015,1,0,23666,https://www.chrono24.com/search/index.htm?dosearch=true&query=WHSA0015&sortorder=1,カルティエ サントス ドゥ カルティエ Ref.WHSA0015 ステンレススチール スケルトン文字盤 未使用 kij3
55,Cartier,WSPA0026,1,0,5022,https://www.chrono24.com/search/index.htm?dosearch=true&query=WSPA0026&sortorder=1,【中古】 【美品】 カルティエ パシャ グレー WSPA0026 ステンレススティール 【1年保証】
56,Omega,215.30.44.21.04.001,1,0,5390,https://www.chrono24.com/search/index.htm?dosearch=true&query=215.30.44.21.04.001&sortorder=1,オメガ OMEGA シーマスター 600 プラネットオーシャン コーアクシャル マスタークロノメーター 215.30.4
57,Omega,424.10.37.20.02.001,1,0,2029,https://www.chrono24.com/search/index.htm?dosearch=true&query=424.10.37.20.02.001&sortorder=1,オメガ OMEGA デ・ヴィル プレステージ コーアクシャル 424.10.37.20.02.001 新品 時計 メンズ
58,Grand Seiko,SBGC203,1,0,5220,https://www.chrono24.com/search/index.htm?dosearch=true&query=SBGC203&sortorder=1,【中古】 【良品】 グランドセイコー スプリングドライブ GMT ブラック SBGC203/9R86-0AA0 ステンレ
59,Grand Seiko,SBGC201,1,0,5220,https://www.chrono24.com/search/index.htm?dosearch=true&query=SBGC201&sortorder=1,【中古】 【美品】 グランドセイコー スプリングドライブ シルバー SBGC201/9R86-0AA0 ステンレススティ
60,Grand Seiko,SBGJ251,1,0,5353,https://www.chrono24.com/search/index.htm?dosearch=true&query=SBGJ251&sortorder=1,【中古】 【美品】 グランドセイコー メカニカル GMT グリーン SBGJ251/9S86-00N0 ステンレススティ
61,Rolex,116333,1,0,13358,https://www.chrono24.com/search/index.htm?dosearch=true&query=116333&sortorder=1,ROLEX Datejust II 116333 Black Roman Numerals Random Serial 
62,Omega,210.32.44.51.01.001,1,0,6371,https://www.chrono24.com/search/index.htm?dosearch=true&query=210.32.44.51.01.001&sortorder=1,【中古】 【美品】 オメガ(OMEGA) シーマスター ダイバー300M ブラック 210.32.44.51.01.00
63,Cartier,WSSA0096,1,0,9224,https://www.chrono24.com/search/index.htm?dosearch=true&query=WSSA0096&sortorder=1,カルティエ CARTIER サントス ドゥ カルティエ ラージ WSSA0096 新品 時計 メンズ
64,Grand Seiko,SBGW291,1,0,3895,https://www.chrono24.com/search/index.htm?dosearch=true&query=SBGW291&sortorder=1,【中古】 【良品】 グランドセイコー メカニカル シルバー SBGW291/9S64-00X0 ステンレススティール 【
65,Cartier,W2SA0017,1,0,7340,https://www.chrono24.com/search/index.htm?dosearch=true&query=W2SA0017&sortorder=1,【中古】 【美品】 カルティエ サントスデュモン XL W2SA0017 シルバー シルバー系 【1年保証】
66,Omega,215.30.46.51.03.001,1,0,6444,https://www.chrono24.com/search/index.htm?dosearch=true&query=215.30.46.51.03.001&sortorder=1,オメガ OMEGA シーマスター 600 プラネットオーシャン クロノグラフ 215.30.46.51.03.001 新
67,Tudor,28600,1,0,2504,https://www.chrono24.com/search/index.htm?dosearch=true&query=28600&sortorder=1,【中古】 【美品】 チューダー ロイヤル シルバー 28600 ステンレススティール ローマ SSブレス 【1年保証】
68,Omega,210.32.42.20.04.001,1,0,4994,https://www.chrono24.com/search/index.htm?dosearch=true&query=210.32.42.20.04.001&sortorder=1,オメガ OMEGA シーマスター ダイバー300M コーアクシャル マスター クロノメーター 210.32.42.20.
69,A. Lange & Sohne,363.179,1,0,65700,https://www.chrono24.com/search/index.htm?dosearch=true&query=363.179&sortorder=1,A.ランゲ＆ゾーネ オデュッセウス Ref.363.179 ステンレススチール ダークブルー文字盤 中古 92fj95i
70,Grand Seiko,SBGP013,1,0,2438,https://www.chrono24.com/search/index.htm?dosearch=true&query=SBGP013&sortorder=1,【中古】 【美品】 グランドセイコー クォーツ ネイビー [ブルー系] SBGP013/9F85-0AC0 ステンレスス
71,A. Lange & Sohne,219.032,1,0,17873,https://www.chrono24.com/search/index.htm?dosearch=true&query=219.032&sortorder=1,A.ランゲ＆ゾーネ サクソニア Ref.219.032 ピンクゴールド シルバー文字盤 美中古 huqypg7p
72,Tudor,28303,1,0,3176,https://www.chrono24.com/search/index.htm?dosearch=true&query=28303&sortorder=1,チューダー(チュードル) TUDOR ロイヤル 28303-0003 新品 時計 レディース
73,Tudor,25807KN,1,0,4138,https://www.chrono24.com/search/index.htm?dosearch=true&query=25807KN&sortorder=1,チューダー(チュードル) TUDOR ペラゴス FXD クロノ 25807KN-0001 新品 時計 メンズ
74,Cartier,WSSA0063,1,0,8565,https://www.chrono24.com/search/index.htm?dosearch=true&query=WSSA0063&sortorder=1,カルティエ CARTIER サントス ドゥ カルティエ MM WSSA0063 新品 時計 メンズ
75,Omega,210.32.42.20.03.001,1,0,4994,https://www.chrono24.com/search/index.htm?dosearch=true&query=210.32.42.20.03.001&sortorder=1,オメガ OMEGA シーマスター ダイバー300M コーアクシャル マスター クロノメーター 210.32.42.20.
76,Cartier,WSSA0082,1,0,7057,https://www.chrono24.com/search/index.htm?dosearch=true&query=WSSA0082&sortorder=1,カルティエ CARTIER サントス ドゥ カルティエ SM WSSA0082 新品 時計 レディース
77,Rolex,326938,1,0,47718,https://www.chrono24.com/search/index.htm?dosearch=true&query=326938&sortorder=1,PRICEDOWN Rolex Sky-Dweller 326938 Champagne Arabia Random N
78,Omega,310.32.42.50.01.002,1,0,7182,https://www.chrono24.com/search/index.htm?dosearch=true&query=310.32.42.50.01.002&sortorder=1,オメガ OMEGA スピードマスター ムーンウォッチ プロフェッショナル マスター クロノメーター 310.32.42.
79,Omega,210.30.42.20.03.003,1,0,5917,https://www.chrono24.com/search/index.htm?dosearch=true&query=210.30.42.20.03.003&sortorder=1,オメガ OMEGA シーマスター ダイバー300M コーアクシャル マスター クロノメーター 210.30.42.20.
80,A. Lange & Sohne,191.039,1,0,36594,https://www.chrono24.com/search/index.htm?dosearch=true&query=191.039&sortorder=1,A.ランゲ＆ゾーネ ランゲ1 Ref.191.039 ホワイトゴールド シルバー文字盤 中古 5yjwuuq2
81,Cartier,WSSA0062,1,0,9224,https://www.chrono24.com/search/index.htm?dosearch=true&query=WSSA0062&sortorder=1,カルティエ CARTIER サントス ドゥ カルティエ LM WSSA0062 新品 時計 メンズ
82,Rolex,16618,1,0,33910,https://www.chrono24.com/search/index.htm?dosearch=true&query=16618&sortorder=1,ロレックス サブマリーナー デイト Ref.16618 イエローゴールド ブルー文字盤 中古 cqu37xeq
83,Audemars Piguet,15416CE,1,0,307306,https://www.chrono24.com/search/index.htm?dosearch=true&query=15416CE&sortorder=1,オーデマピゲ ロイヤルオーク ダブル バランスホイール オープンワーク Ref.15416CE.OO.1225CE.01
84,Rolex,228345RBR,1,0,87215,https://www.chrono24.com/search/index.htm?dosearch=true&query=228345RBR&sortorder=1,PRICEDOWN Rolex Day Date 40 Bezel Diamond 8P Baguette Diamon
85,Tudor,25600TB,1,0,4302,https://www.chrono24.com/search/index.htm?dosearch=true&query=25600TB&sortorder=1,ペラゴス
86,Vacheron Constantin,5000H/000A-B582,1,0,38502,https://www.chrono24.com/search/index.htm?dosearch=true&query=5000H%2F000A-B582&sortorder=1,ヴァシュロンコンスタンタン ヒストリーク コルヌ・ドゥ・ヴァッシュ 1955 Ref.5000H/000A-B582 ス
87,Omega,210.30.42.20.01.001,1,0,5455,https://www.chrono24.com/search/index.htm?dosearch=true&query=210.30.42.20.01.001&sortorder=1,オメガ OMEGA シーマスター ダイバー300M コーアクシャル マスター クロノメーター 210.30.42.20.
88,Cartier,W2SA0033,1,0,11530,https://www.chrono24.com/search/index.htm?dosearch=true&query=W2SA0033&sortorder=1,カルティエ CARTIER サントス ドゥ カルティエ SM W2SA0033 新品 時計 レディース
89,Rolex,228398TBR,1,0,121890,https://www.chrono24.com/search/index.htm?dosearch=true&query=228398TBR&sortorder=1,ロレックス ROLEX デイデイト40 228398TBR 中古 時計 メンズ
90,Omega,210.22.42.20.03.002,1,0,7379,https://www.chrono24.com/search/index.htm?dosearch=true&query=210.22.42.20.03.002&sortorder=1,オメガ OMEGA シーマスター ダイバー300M コーアクシャル マスター クロノメーター 210.22.42.20.
91,Rolex,218239,1,0,42246,https://www.chrono24.com/search/index.htm?dosearch=true&query=218239&sortorder=1,ロレックス デイデイトⅡ Ref.218239 ホワイトゴールド チョコレートローマン文字盤 美品 bsyn8rsn
92,Omega,215.30.44.21.03.001,1,0,5390,https://www.chrono24.com/search/index.htm?dosearch=true&query=215.30.44.21.03.001&sortorder=1,オメガ OMEGA シーマスター 600 プラネットオーシャン マスタークロノメーター 215.30.44.21.03.
93,Rolex,278384RBR,1,0,25561,https://www.chrono24.com/search/index.htm?dosearch=true&query=278384RBR&sortorder=1,Rolex Datejust 31 278384RBR Azzurro Blue Floral Motif Diamon
94,Tudor,25600TN,1,0,4309,https://www.chrono24.com/search/index.htm?dosearch=true&query=25600TN&sortorder=1,ペラゴス
95,Tudor,79363N,1,0,5843,https://www.chrono24.com/search/index.htm?dosearch=true&query=79363N&sortorder=1,ブラックベイ クロノ S&G
96,Audemars Piguet,67650ST,1,0,32073,https://www.chrono24.com/search/index.htm?dosearch=true&query=67650ST&sortorder=1,オーデマピゲ ロイヤルオーク クォーツ Ref.67650ST.OO.1261ST.01-A ステンレススチール ブラッ
97,Rolex,278343RBR,1,0,23070,https://www.chrono24.com/search/index.htm?dosearch=true&query=278343RBR&sortorder=1,ロレックス ROLEX デイトジャスト 31 278343RBR 新品 時計 ボーイズ
98,Cartier,WGTA0011,1,0,16285,https://www.chrono24.com/search/index.htm?dosearch=true&query=WGTA0011&sortorder=1,カルティエ CARTIER タンク ルイ カルティエ MM WGTA0011 新品 時計 男女兼用
99,Omega,220.10.41.21.01.001,1,0,5587,https://www.chrono24.com/search/index.htm?dosearch=true&query=220.10.41.21.01.001&sortorder=1,オメガ OMEGA シーマスター アクアテラ コーアクシャル マスター クロノメーター 220.10.41.21.01.
100,Tudor,91450,1,0,2075,https://www.chrono24.com/search/index.htm?dosearch=true&query=91450&sortorder=1,チューダー(チュードル) TUDOR 1926 91450-0004 新品 時計 メンズ
101,Audemars Piguet,15720CN,1,0,50733,https://www.chrono24.com/search/index.htm?dosearch=true&query=15720CN&sortorder=1,オーデマ ピゲ AUDEMARS PIGUET ロイヤルオーク オフショアダイバー リミテッド 15720CN.OO.A
102,Rolex,16014,1,0,8670,https://www.chrono24.com/search/index.htm?dosearch=true&query=16014&sortorder=1,SALE ロレックス デイトジャスト 16014 アイボリー ボイラーゲージ 87番 中古 メンズ
