disappeared_on,ref,dealer,last_taxfree_usd,last_landed_usd,us_floor_at_the_time,pct_below_us,verdict_at_the_time,tier,title,url
2026-08-10,WSTA0030,kitamura,2693,2949,4123,28.5,BUY,B,【中古】 【良品】 カルティエ タンクソロ SM シルバー WSTA0030 ステンレススティール 【1年保証】,https://item.rakuten.co.jp/emedama/2245460009127/
2026-08-13,336938,commit,59715,65388,71722,8.8,BUY OPPORTUNITY,A,ロレックス スカイドゥエラー Ref.336938 イエローゴールド グリーン文字盤 美品 kzn24ozj,https://commit-watch.co.jp/products/kzn24ozj
2026-08-13,126610LV,commit,13703,15005,16195,7.3,BUY OPPORTUNITY,A,ロレックス サブマリーナー デイト Ref.126610LV ステンレススチール ブラック文字盤 美中古 wesykskz,https://commit-watch.co.jp/products/wesykskz
2026-08-13,126710BLNR,commit,18732,20511,18889,-8.6,PASS,A,ロレックス GMTマスターII Ref.126710BLNR ステンレススチール ブラック文字盤 ジュビリーブレスレット 未使用 areso,https://commit-watch.co.jp/products/areso7vg
2026-08-13,76080,rasin,3543,3879,3281,-18.2,PASS,A,ロレックス オイスターパーペチュアル 76080 ブラック 369ホワイトバー F番 中古 レディース,https://en.www.rasin.co.jp/SHOP/U-76080BK369-5.html
2026-08-13,116515LN,rasin,43600,47742,38357,-24.5,PASS,A,ROLEX Cosmograph Daytona 116515LN Chocolate Brown ×Black Random Number,https://en.www.rasin.co.jp/SHOP/U-116515LNCHBK-2.html
2026-08-13,16700,kitamura,10603,11610,10105,-14.9,PASS,B,【中古】 【良品】 ロレックス(ROLEX) GMTマスター ブラック 16700 ステンレス ブルー/レッドベゼル 【1年保証】,https://item.rakuten.co.jp/emedama/2441360018737/
2026-08-14,126713GRNR,rasin,21339,23367,27156,14.0,BUY OPPORTUNITY,A,PRICEDOWN ROLEX GMT Master II 126713GRNR Black Random Serial Number Us,https://en.www.rasin.co.jp/SHOP/U-126713GRNR-7.html
2026-08-14,279384RBR,kamekichi,15970,17487,19721,11.3,BUY OPPORTUNITY,A,デイトジャスト 28,https://www.kame-kichi.com/items/45531
2026-08-14,126610LN,rasin,12883,14107,15111,6.6,BUY OPPORTUNITY,A,PRICEDOWN ROLEX Submariner Date 126610LN Black Random Number Used Men',https://en.www.rasin.co.jp/SHOP/U-126610LN-23.html
2026-08-14,16520,rasin,40396,44234,31755,-39.3,PASS,A,SALE Rolex Cosmograph Daytona 16520 Black A Serial Unused Men&#39;s,https://en.www.rasin.co.jp/SHOP/S-16520BKDS.html
2026-08-14,126515LN,commit,80336,87968,109532,19.7,BUY,B,ロレックス デイトナ Ref.126515LN エバーローズゴールド メテオライト文字盤 未使用 yydbu68q,https://commit-watch.co.jp/products/yydbu68q
2026-08-15,124300,commit,7861,8608,10446,17.6,BUY,A,ロレックス オイスターパーペチュアル41 Ref.124300 ステンレススチール ブライトブルー文字盤 美中古 c8t3vggp,https://commit-watch.co.jp/products/c8t3vggp
2026-08-15,124060,rasin,12578,13773,16205,15.0,BUY,A,ROLEX Submariner No-Date 124060 Black Random Serial Number Used Men's ,https://en.www.rasin.co.jp/SHOP/U-124060-22.html
2026-08-15,126506,commit,117288,128431,141945,9.5,BUY OPPORTUNITY,A,ロレックス デイトナ Ref.126506 プラチナ アイスブルー文字盤 未使用 umbiyxs2,https://commit-watch.co.jp/products/umbiyxs2
2026-08-15,15210BC,commit,15848,17354,19002,8.7,BUY OPPORTUNITY,A,オーデマピゲ CODE 11.59 バイ オーデマ ピゲ Ref.15210BC.OO.A068CR.01 ホワイトゴールド スモークバーガ,https://commit-watch.co.jp/products/56dfphh9
2026-08-15,116503,rasin,20742,22712,24528,7.4,BUY OPPORTUNITY,A,ROLEX Cosmograph Daytona 116503 Champagne Random Number Used Men's,https://en.www.rasin.co.jp/SHOP/U-116503CH-5.html
2026-08-15,128235,rasin,51741,56656,58577,3.3,BUY OPPORTUNITY,A,PRICEDOWN Rolex Day Date 36 128235 Olive Green Roman Random Number Use,https://en.www.rasin.co.jp/SHOP/U-128235.html
2026-08-15,126613LN,rasin,16923,18531,18599,0.4,BUY OPPORTUNITY,A,ROLEX Submariner Date 126613LN Black Random Number Used Men&#39;s,https://en.www.rasin.co.jp/SHOP/U-126613LN-5.html
2026-08-15,126508,commit,84900,92966,70354,-32.1,PASS,A,ロレックス デイトナ Ref.126508 イエローゴールド グリーン文字盤 未使用 5u7tiey6,https://commit-watch.co.jp/products/5u7tiey6
2026-08-15,116689,rasin,37047,40567,29564,-37.2,PASS,A,"ROLEX Yacht Master II 116689 White, Random Serial Number, Used Men's W",https://en.www.rasin.co.jp/SHOP/U-116689-3.html
2026-08-15,5726A-001,commit,77354,84702,101830,16.8,BUY,B,パテックフィリップ ノーチラス アニュアルカレンダー ムーンフェイズ Ref.5726A-001 ステンレススチール ブラック文字盤 中古 ,https://commit-watch.co.jp/products/7e6yx222
2026-08-15,15300ST,commit,41507,45450,43903,-3.5,PASS,B,オーデマピゲ ロイヤルオーク Ref.15300ST.OO.1220ST.02 ステンレススチール ブルー文字盤 美中古 rzzpksay,https://commit-watch.co.jp/products/rzzpksay
2026-08-16,126610LV,commit,14087,15425,16195,4.8,BUY OPPORTUNITY,A,ロレックス サブマリーナー デイト Ref.126610LV ステンレススチール ブラック文字盤 未使用 pad963y4,https://commit-watch.co.jp/products/pad963y4
2026-08-16,128238,commit,50186,54953,56495,2.7,BUY OPPORTUNITY,A,ロレックス デイデイト36 Ref.128238 イエローゴールド グリーンオンブレ文字盤 未使用 o7nupex5,https://commit-watch.co.jp/products/o7nupex5
2026-08-16,126710GRNR,commit,20628,22587,22337,-1.1,BUY OPPORTUNITY,A,ロレックス GMTマスターII Ref.126710GRNR ステンレススチール ブラック文字盤 ジュビリーブレスレット 未使用 jiprg,https://commit-watch.co.jp/products/jiprgf9f
2026-08-16,126610LN,commit,14087,15425,15111,-2.1,BUY OPPORTUNITY,A,ロレックス サブマリーナー デイト Ref.126610LN ステンレススチール ブラック文字盤 未使用 vod6huvv,https://commit-watch.co.jp/products/vod6huvv
2026-08-16,126711CHNR,commit,21571,23620,21844,-8.1,PASS,A,ロレックス GMTマスターII Ref.126711CHNR ステンレススチール/エバーローズゴールド ブラック文字盤 オイスターブレスレッ,https://commit-watch.co.jp/products/3buqa5uo
2026-08-16,126720VTNR,commit,17609,19282,17628,-9.4,PASS,A,ロレックス GMTマスターII Ref.126720VTNR ステンレススチール ブラック文字盤 ジュビリーブレスレット 未使用 yud7b,https://commit-watch.co.jp/products/yud7bgcg
2026-08-16,216570,commit,9119,9985,10934,8.7,BUY OPPORTUNITY,B,ロレックス エクスプローラーII Ref.216570 ステンレススチール ホワイト文字盤 オイスターブレスレット 中古 ow6jncr4,https://commit-watch.co.jp/products/ow6jncr4
2026-08-16,126503,commit,24401,26719,29016,7.9,BUY OPPORTUNITY,A,ロレックス デイトナ Ref.126503 ステンレススチール/イエローゴールド ブラック文字盤 美中古 e77xatfb,https://commit-watch.co.jp/products/e77xatfb
2026-08-16,126613LB,commit,19999,21899,17518,-25.0,PASS,A,ロレックス サブマリーナー デイト Ref.126613LB ステンレススチール/イエローゴールド ブルー文字盤 未使用 434uojdf,https://commit-watch.co.jp/products/434uojdf
2026-08-16,116610LV,commit,17923,19626,22337,12.1,BUY OPPORTUNITY,B,ロレックス サブマリーナー デイト Ref.116610LV ステンレススチール グリーン文字盤 中古 7wvqzm9x,https://commit-watch.co.jp/products/7wvqzm9x
2026-08-16,116234,rasin,9651,10567,12695,16.8,BUY,A,ROLEX Datejust 116234 Pink Flower Motif 69 Arabia 5 Rows Jubilee brace,https://en.www.rasin.co.jp/SHOP/U-116234PKFL.html
2026-08-16,126713GRNR,commit,22011,24102,27156,11.2,BUY OPPORTUNITY,A,ロレックス GMTマスターII Ref.126713GRNR ステンレススチール/イエローゴールド ブラック文字盤 ジュビリーブレスレット ,https://commit-watch.co.jp/products/quayvevo
2026-08-16,126710BLNR,commit,18741,20521,18889,-8.6,PASS,A,ロレックス GMTマスターII Ref.126710BLNR ステンレススチール ブラック文字盤 ジュビリーブレスレット 未使用 jk9y6,https://commit-watch.co.jp/products/jk9y68pe
2026-08-17,126518LN,commit,48425,53025,57241,7.4,BUY OPPORTUNITY,A,ロレックス デイトナ Ref.126518LN イエローゴールド ブライトブラックxゴールデンx8Pダイヤ文字盤 中古 bnam8z92,https://commit-watch.co.jp/products/bnam8z92
2026-08-17,116680,commit,15408,16872,17401,3.0,BUY OPPORTUNITY,A,ロレックス ヨットマスターII Ref.116680 ステンレススチール ホワイト文字盤 中古 vg3brhfu,https://commit-watch.co.jp/products/vg3brhfu
2026-08-17,116200,commit,7232,7919,7687,-3.0,BUY OPPORTUNITY,A,ロレックス デイトジャスト Ref.116200 ステンレススチール ピンクフラワー文字盤 オイスターブレスレット 美中古 xmw8czyo,https://commit-watch.co.jp/products/xmw8czyo
2026-08-17,126505,commit,61002,66798,64156,-4.1,PASS,A,ロレックス デイトナ Ref.126505 エバーローズゴールド サンダストxブライトブラック文字盤 未使用 wtq344e3,https://commit-watch.co.jp/products/wtq344e3
2026-08-17,126500LN,commit,36979,40492,35412,-14.3,PASS,A,ロレックス デイトナ Ref.126500LN ステンレススチール ホワイト文字盤 未使用 wjocwwic,https://commit-watch.co.jp/products/wjocwwic
2026-08-17,126331,rasin,18581,20346,17628,-15.4,PASS,A,PRICEDOWN Rolex Datejust 41 126331 Chocolate Brown 5 rows Jubilee brac,https://en.www.rasin.co.jp/SHOP/U-U-126331CHB-2.html
2026-08-18,114270,commit,6469,7083,8304,14.7,BUY OPPORTUNITY,A,ロレックス エクスプローラーI Ref.114270 ステンレススチール ブラック文字盤 オイスターブレスレット 中古 g8c4ya32,https://commit-watch.co.jp/products/g8c4ya32
2026-08-18,127334,commit,23237,25444,29198,12.9,BUY OPPORTUNITY,A,ロレックス ランドドゥエラー Ref.127334 ステンレススチール/ホワイトゴールド ホワイト文字盤 ジュビリーブレスレット 未使用 v,https://commit-watch.co.jp/products/vzeiptnh
2026-08-18,214270,commit,7725,8459,9415,10.2,BUY OPPORTUNITY,A,ロレックス エクスプローラーI Ref.214270 ステンレススチール ブラック文字盤 オイスターブレスレット 中古 sesoixfz,https://commit-watch.co.jp/products/sesoixfz
2026-08-18,126720VTNR,commit,14884,16298,17628,7.5,BUY OPPORTUNITY,A,ロレックス GMTマスターII Ref.126720VTNR ステンレススチール ブラック文字盤 オイスターブレスレット 未使用 rrthc,https://commit-watch.co.jp/products/rrthcqq4
2026-08-19,126710GRNR,commit,18159,19884,22337,11.0,BUY OPPORTUNITY,A,ロレックス GMTマスターII Ref.126710GRNR ステンレススチール ブラック文字盤 オイスターブレスレット 未使用 bhe32,https://commit-watch.co.jp/products/bhe32epq
2026-08-19,126500LN,commit,30369,33255,35412,6.1,BUY OPPORTUNITY,A,ロレックス デイトナ Ref.126500LN ステンレススチール ブラック文字盤 未使用 ux8u5icj,https://commit-watch.co.jp/products/ux8u5icj
2026-08-19,52509,rasin,20439,22381,21000,-6.6,PASS,A,Rolex 1908 52509 White Random Number Used Men&#39;s,https://en.www.rasin.co.jp/SHOP/U-52509WH.html
2026-08-19,124270,housekihiroba,10246,11220,9360,-19.9,PASS,A,エクスプローラー 36,https://www.housekihiroba-en.com/shop/g/gRX2978/
2026-08-19,126515LN,commit,80150,87765,109532,19.9,BUY,B,ロレックス デイトナ Ref.126515LN エバーローズゴールド メテオライト文字盤 未使用 qrzsfrzo,https://commit-watch.co.jp/products/qrzsfrzo
2026-08-19,116610LV,commit,18159,19884,22337,11.0,BUY OPPORTUNITY,B,ロレックス サブマリーナー デイト Ref.116610LV ステンレススチール グリーン文字盤 中古 ifst8bcj,https://commit-watch.co.jp/products/ifst8bcj
2026-08-20,126508,rasin,54172,59318,70354,15.7,BUY,A,PRICEDOWN Rolex Cosmograph Daytona 126508 White Random Serial Used Men,https://en.www.rasin.co.jp/SHOP/U-126508WH-2.html
2026-08-20,126334,rasin,14457,15831,13222,-19.7,PASS,A,ROLEX Datejust 41 126334 Blue Roman Numerals 5-row Jubilee bracelet Br,https://en.www.rasin.co.jp/SHOP/U-126334BLR-4.html
2026-08-20,126515LN,housekihiroba,84572,92606,109532,15.5,BUY,B,コスモグラフ デイトナ,https://housekihiroba.jp/shop/g/gRX3239/
2026-08-20,215.30.40.20.03.001,kitamura,3949,4325,5957,27.4,BUY,A,【中古】 【美品】 オメガ(OMEGA) シーマスター プラネットオーシャン ブルー 215.30.40.20.03.001 ステンレスステ,https://item.rakuten.co.jp/emedama/2483960046413/
2026-08-20,116713LN,commit,12446,13628,15110,9.8,BUY OPPORTUNITY,A,ロレックス GMTマスターII Ref.116713LN ステンレススチール/イエローゴールド ブラック文字盤 オイスターブレスレット 美品,https://commit-watch.co.jp/products/mh6nb9hk
2026-08-20,116500LN,commit,25646,28082,30111,6.7,BUY OPPORTUNITY,A,ロレックス デイトナ Ref.116500LN ステンレススチール ブラック文字盤 未使用 fe2zvk3c,https://commit-watch.co.jp/products/fe2zvk3c
2026-08-20,126610LN,commit,13829,15142,15111,-0.2,BUY OPPORTUNITY,A,ロレックス サブマリーナー デイト Ref.126610LN ステンレススチール ブラック文字盤 未使用 774yj99n,https://commit-watch.co.jp/products/774yj99n
2026-08-20,126710BLNR,commit,18857,20649,18889,-9.3,PASS,A,ロレックス GMTマスターII Ref.126710BLNR ステンレススチール ブラック文字盤 ジュビリーブレスレット 未使用 m8ay2,https://commit-watch.co.jp/products/m8ay2nsh
2026-08-20,310.32.42.50.04.001,kitamura,8163,8938,8913,-0.3,BUY OPPORTUNITY,B,【中古】 【美品】 オメガ(OMEGA) スピードマスター ムーンウォッチ 310.32.42.50.04.001 ホワイト ホワイト系 【,https://item.rakuten.co.jp/emedama/2245460009677/
2026-08-21,278271,rasin,15449,16917,19163,11.7,BUY OPPORTUNITY,A,PRICEDOWN Rolex Datejust 31 278271 White Roman 5 rows Jubilee bracelet,https://en.www.rasin.co.jp/SHOP/U-278271WHR.html
2026-08-21,126506,commit,122197,133806,141945,5.7,BUY OPPORTUNITY,A,ロレックス デイトナ Ref.126506 プラチナ アイスブルー文字盤 未使用 9qdgdupo,https://commit-watch.co.jp/products/9qdgdupo
2026-08-21,116689,commit,28219,30899,29564,-4.5,PASS,A,ロレックス ヨットマスターII Ref.116689 ホワイトゴールド ホワイト文字盤 美中古 73ity78h,https://commit-watch.co.jp/products/73ity78h
2026-08-21,126500LN,commit,36092,39521,35412,-11.6,PASS,A,ロレックス デイトナ Ref.126500LN ステンレススチール ホワイト文字盤 未使用 m69r9mgc,https://commit-watch.co.jp/products/m69r9mgc
2026-08-21,126613LB,commit,20030,21933,17518,-25.2,PASS,A,ロレックス サブマリーナー デイト Ref.126613LB ステンレススチール/イエローゴールド ブルー文字盤 未使用 7isqqfkz,https://commit-watch.co.jp/products/7isqqfkz
2026-08-22,126505,commit,54820,60028,64156,6.4,BUY OPPORTUNITY,A,ロレックス デイトナ Ref.126505 エバーローズゴールド ブライトブラックxサンダスト文字盤 未使用 9kt5n2hz,https://commit-watch.co.jp/products/9kt5n2hz
2026-08-22,127234,rasin,19362,21201,22227,4.6,BUY OPPORTUNITY,A,ROLEX Land Dweller 36 127234 White Honeycomb Motif 69 Arabic Random Nu,https://en.www.rasin.co.jp/SHOP/U-127234WH.html
2026-08-22,214270,commit,8822,9660,9415,-2.6,BUY OPPORTUNITY,A,ロレックス エクスプローラーI Ref.214270 ステンレススチール ブラック文字盤 オイスターブレスレット 未使用 f66wayp7,https://commit-watch.co.jp/products/f66wayp7
2026-08-22,126334,rasin,13863,15180,13222,-14.8,PASS,A,ROLEX Datejust 41 126334 Silver Bar 5-row Jubilee bracelet Bracelet Ra,https://en.www.rasin.co.jp/SHOP/U-126334SVJ.html
2026-08-23,126610LV,commit,13233,14490,16195,10.5,BUY OPPORTUNITY,A,ロレックス サブマリーナー デイト Ref.126610LV ステンレススチール ブラック文字盤 美品 ca77p6gi,https://commit-watch.co.jp/products/ca77p6gi
2026-08-23,124300,commit,8822,9660,10446,7.5,BUY OPPORTUNITY,A,ロレックス オイスターパーペチュアル41 Ref.124300 ステンレススチール グリーン文字盤 中古 gd8f7gso,https://commit-watch.co.jp/products/gd8f7gso
2026-08-23,226627,kitamura,24381,26697,28359,5.9,BUY OPPORTUNITY,A,【中古】 【美品】 ロレックス(ROLEX) ヨットマスター ブラック 226627 チタン 【1年保証】,https://item.rakuten.co.jp/emedama/2245460008830/
2026-08-23,126718GRNR,rasin,46572,50996,52445,2.8,BUY OPPORTUNITY,A,PRICEDOWN ROLEX GMT Master II 126718GRNR Black Random Serial Number Us,https://en.www.rasin.co.jp/SHOP/U-126718GRNR-4.html
2026-08-23,126334,kamekichi,12716,13924,13222,-5.3,PASS,A,デイトジャスト41,https://www.kame-kichi.com/items/45889
2026-08-23,126710BLNR,commit,18967,20768,18889,-9.9,PASS,A,ロレックス GMTマスターII Ref.126710BLNR ステンレススチール ブラック文字盤 ジュビリーブレスレット 未使用 ab89j,https://commit-watch.co.jp/products/ab89j3cm
2026-08-23,126518LN,commit,63012,68998,57241,-20.5,PASS,A,ロレックス デイトナ Ref.126518LN イエローゴールド ゴールデンxブライトブラック文字盤 未使用 pvheqak3,https://commit-watch.co.jp/products/pvheqak3
2026-08-23,126515LN,commit,80655,88318,109532,19.4,BUY,B,ロレックス デイトナ Ref.126515LN エバーローズゴールド メテオライト文字盤 未使用 i8f6mmjc,https://commit-watch.co.jp/products/i8f6mmjc
2026-08-24,126508,rasin,54305,59464,70354,15.5,BUY,A,PRICEDOWN Rolex Cosmograph Daytona 126508 White Random Serial Used Men,https://en.www.rasin.co.jp/SHOP/U-126508WH-2.html
2026-08-24,126713GRNR,commit,21613,23666,27156,12.9,BUY OPPORTUNITY,A,ロレックス GMTマスターII Ref.126713GRNR ステンレススチール/イエローゴールド ブラック文字盤 ジュビリーブレスレット ,https://commit-watch.co.jp/products/vjujt2fj
2026-08-24,126519LN,commit,43352,47471,51876,8.5,BUY OPPORTUNITY,A,ロレックス デイトナ Ref.126519LN ホワイトゴールド ブライトブラックxスチールx8Pダイヤ文字盤 美品 istn22i5,https://commit-watch.co.jp/products/istn22i5
2026-08-24,126720VTNR,commit,14871,16284,17628,7.6,BUY OPPORTUNITY,A,ロレックス GMTマスターII Ref.126720VTNR ステンレススチール ブラック文字盤 オイスターブレスレット 美品 2hw2yk,https://commit-watch.co.jp/products/2hw2ykig
2026-08-24,126610LN,commit,12791,14007,15111,7.3,BUY OPPORTUNITY,A,ロレックス サブマリーナー デイト Ref.126610LN ステンレススチール ブラック文字盤 美品 d2rtdixg,https://commit-watch.co.jp/products/d2rtdixg
2026-08-24,126506,commit,122558,134201,141945,5.5,BUY OPPORTUNITY,A,ロレックス デイトナ Ref.126506 プラチナ アイスブルー文字盤 未使用 h35uwu8q,https://commit-watch.co.jp/products/h35uwu8q
2026-08-24,126500LN,commit,36547,40019,35412,-13.0,PASS,A,ロレックス デイトナ Ref.126500LN ステンレススチール ホワイト文字盤 未使用 wi9i43t9,https://commit-watch.co.jp/products/wi9i43t9
2026-08-24,126610LN,kitamura,16244,17788,15111,-17.7,PASS,A,【中古】 【新品同様】 ロレックス(ROLEX) サブマリーナー デイト ブラック 126610LN ステンレス 【1年保証】,https://item.rakuten.co.jp/emedama/2445740040417/
2026-08-24,116509,rasin,43135,47232,37230,-26.9,PASS,A,PRICEDOWN Rolex Cosmograph Daytona 116509 Blue Random Number Used Men&,https://en.www.rasin.co.jp/SHOP/U-116509BL-7.html
2026-08-24,126508,commit,85066,93147,70354,-32.4,PASS,A,ロレックス デイトナ Ref.126508 イエローゴールド グリーン文字盤 未使用 dyaf46d3,https://commit-watch.co.jp/products/dyaf46d3
2026-08-24,18248,commit,41588,45539,46642,2.4,BUY OPPORTUNITY,B,ロレックス デイデイト Ref.18248 イエローゴールド ウォールナット文字盤 美中古 ow547rc4,https://commit-watch.co.jp/products/ow547rc4
2026-08-25,16622,commit,9113,9978,11990,16.8,BUY,A,ロレックス ヨットマスター40 Ref.16622 ステンレススチール/プラチナ ロレジウム文字盤 美品 7gwburfs,https://commit-watch.co.jp/products/7gwburfs
2026-08-25,5968R-001,commit,137004,150019,175232,14.4,BUY OPPORTUNITY,A,パテックフィリップ アクアノート クロノグラフ Ref.5968R-001 ローズゴールド ブラウン ソレイユ文字盤 中古 4fwjrrjq,https://commit-watch.co.jp/products/4fwjrrjq
2026-08-25,IW328903,commit,8673,9497,10945,13.2,BUY OPPORTUNITY,A,IWC インヂュニア オートマティック 40 Ref.IW328903 ステンレススチール グリーン文字盤 美品 oq4zpmmn,https://commit-watch.co.jp/products/oq4zpmmn
2026-08-25,116613LB,commit,13072,14314,16424,12.8,BUY OPPORTUNITY,A,ロレックス サブマリーナー デイト Ref.116613LB ステンレススチール/イエローゴールド ブルー文字盤 美中古 vytybjvp,https://commit-watch.co.jp/products/vytybjvp
2026-08-25,126622,commit,15397,16860,18035,6.5,BUY OPPORTUNITY,A,ロレックス ヨットマスター40 Ref.126622 ステンレススチール/プラチナ スレート文字盤 未使用 2avzc34r,https://commit-watch.co.jp/products/2avzc34r
2026-08-25,126710BLNR,commit,18100,19819,18889,-4.9,PASS,A,ロレックス GMTマスターII Ref.126710BLNR ステンレススチール ブラック文字盤 ジュビリーブレスレット 中古 4f4a4y,https://commit-watch.co.jp/products/4f4a4ypm
2026-08-25,1205V/100A-B590,commit,15963,17479,16151,-8.2,PASS,A,ヴァシュロンコンスタンタン オーヴァーシーズ クォーツ Ref.1205V/100A-B590 ステンレススチール デニムブルー文字盤 中古,https://commit-watch.co.jp/products/hfedjr85
2026-08-27,SBGP011,kitamura,1451,1589,2623,39.4,BUY,A,【中古】 【良品】 グランドセイコー クォーツ ブラック SBGP011/9F85-0AC0 ステンレススティール 【1年保証】,https://item.rakuten.co.jp/emedama/2448580014921/
2026-08-27,WSPA0012,kitamura,2753,3014,4325,30.3,BUY,A,【中古】 【良品】 カルティエ パシャ シルバー WSPA0012 ステンレススティール 【1年保証】,https://item.rakuten.co.jp/emedama/2245460007628/
2026-08-27,116400GV,kitamura,9641,10557,15106,30.1,BUY,A,【中古】 【良品】 ロレックス(ROLEX) ミルガウス ブラック 116400GV ステンレス 【1年保証】,https://item.rakuten.co.jp/emedama/2403281021753/
2026-08-27,SBGC253,kitamura,7945,8700,11498,24.3,BUY,A,【中古】 【美品】 グランドセイコー スプリングドライブ スポーツコレクション ベージュ [ホワイト系] SBGC253 チタン GMT 【,https://item.rakuten.co.jp/emedama/2245460005938/
2026-08-27,116234,kitamura,8951,9801,12695,22.8,BUY,A,【中古】 【美品】 ロレックス(ROLEX) デイトジャスト 36 シルバー 116234 ステンレス/ホワイトゴールド OB 【1年保証】,https://item.rakuten.co.jp/emedama/2245460007321/
2026-08-27,126509,commit,46157,50542,62404,19.0,BUY,A,ロレックス デイトナ Ref.126509 ホワイトゴールド ブライトブラックxスチール文字盤 美中古 4rjxczo3,https://commit-watch.co.jp/products/4rjxczo3
2026-08-27,SLGA025,kitamura,7243,7931,9746,18.6,BUY,A,【中古】 【新品同様】 グランドセイコー スプリングドライブ エボリューション9コレクション エメラルドグリーン SLGA025/9RA2-,https://item.rakuten.co.jp/emedama/2245460005068/
2026-08-27,210.90.42.20.01.001,kitamura,7906,8657,10507,17.6,BUY,A,【中古】 【良品】 オメガ(OMEGA) シーマスター ダイバー300M ブラック 210.90.42.20.01.001 チタン 007エ,https://item.rakuten.co.jp/emedama/2484290075135/
2026-08-27,134300,kitamura,8822,9661,11716,17.5,BUY,A,【中古】 【美品】 ロレックス(ROLEX) オイスターパーペチュアル 41 ブラック 134300 ステンレススティール 【1年保証】,https://item.rakuten.co.jp/emedama/2245460005907/
2026-08-27,16622,kitamura,9290,10173,11990,15.2,BUY,A,【中古】 【美品】 ロレックス(ROLEX) ヨットマスター ロレジウム シルバー 16622 ステンレス/プラチナ 【1年保証】,https://item.rakuten.co.jp/emedama/2449250051055/
2026-08-27,SLGC001,kitamura,7886,8636,9746,11.4,BUY OPPORTUNITY,A,【中古】 【美品】 グランドセイコー メカニカル ブルー SLGC001/9SC5-00A0 チタン 【1年保証】,https://item.rakuten.co.jp/emedama/2442530051073/
2026-08-27,126613LN,kitamura,15550,17028,18599,8.4,BUY OPPORTUNITY,A,【中古】 【美品】 ロレックス(ROLEX) サブマリーナー デイト ブラック 126613LN ステンレス 【1年保証】,https://item.rakuten.co.jp/emedama/2245460005914/
2026-08-27,16600,kitamura,8471,9276,10073,7.9,BUY OPPORTUNITY,A,【中古】 【良品】 ロレックス(ROLEX) シードゥエラー ブラック 16600 ステンレス 【1年保証】,https://item.rakuten.co.jp/emedama/2443801630812/
2026-08-27,214270,kitamura,7945,8700,9415,7.6,BUY OPPORTUNITY,A,【中古】 【良品】 ロレックス(ROLEX) エクスプローラーI ブラック 214270 ステンレス ブラックアウト 【1年保証】,https://item.rakuten.co.jp/emedama/2245460009035/
2026-08-27,124060,kitamura,13751,15057,16205,7.1,BUY OPPORTUNITY,A,【中古】 【新品同様】 ロレックス(ROLEX) サブマリーナー ブラック 124060 ステンレス 【1年保証】,https://item.rakuten.co.jp/emedama/2245460006164/
2026-08-27,16610LV,kitamura,14088,15426,16534,6.7,BUY OPPORTUNITY,A,【中古】 【良品】 ロレックス(ROLEX) サブマリーナー デイト ブラック 16610LV ステンレス 【1年保証】,https://item.rakuten.co.jp/emedama/2448570036674/
2026-08-27,14060,kitamura,8296,9084,9525,4.6,BUY OPPORTUNITY,A,【中古】 【並品】 ロレックス(ROLEX) サブマリーナー ブラック 14060 ステンレス フチあり 【1年保証】,https://item.rakuten.co.jp/emedama/2403281021692/
2026-08-27,IW328903,kitamura,9641,10557,10945,3.5,BUY OPPORTUNITY,A,【中古】 【美品】 IWC インヂュニア ブルー IW328903 ステンレススティール 【1年保証】,https://item.rakuten.co.jp/emedama/2245460008069/
2026-08-27,310.30.42.50.01.004,kitamura,9666,10584,10945,3.3,BUY OPPORTUNITY,A,【中古】 【新品同様】 オメガ(OMEGA) スピードマスター ムーンウォッチ プロフェッショナル ブラック 310.30.42.50.01,https://item.rakuten.co.jp/emedama/2245460007925/
2026-08-27,SBGN027,kitamura,2445,2678,2738,2.2,BUY OPPORTUNITY,A,【中古】 【良品】 グランドセイコー スポーツコレクション ブラック SBGN027 ステンレススティール 【1年保証】,https://item.rakuten.co.jp/emedama/2245460006560/
2026-08-27,126300,kitamura,9875,10814,10950,1.2,BUY OPPORTUNITY,A,【中古】 【並品】 ロレックス(ROLEX) デイトジャスト 41 グレー/グリーン 126300 ステンレス ローマ OB 【1年保証】,https://item.rakuten.co.jp/emedama/2245460006867/
2026-08-27,126622,kitamura,16264,17810,18035,1.2,BUY OPPORTUNITY,A,【中古】 【新品同様】 ロレックス(ROLEX) ヨットマスター ダークロジウム [グレー系] 126622 ステンレス/プラチナ 【1年保,https://item.rakuten.co.jp/emedama/2445740028637/
2026-08-27,126331,kitamura,15901,17412,17628,1.2,BUY OPPORTUNITY,A,【中古】 【美品】 ロレックス(ROLEX) デイトジャスト 41 グレー/グリーン 126331 ステンレス/ローズゴールド ローマ OB,https://item.rakuten.co.jp/emedama/2245460008694/
2026-08-27,116613LB,kitamura,15008,16433,16424,-0.1,BUY OPPORTUNITY,A,【中古】 【良品】 ロレックス(ROLEX) サブマリーナー デイト ブルー 116613LB ステンレス/イエローゴールド 【1年保証】,https://item.rakuten.co.jp/emedama/2245460009790/
2026-08-27,A17376,kitamura,3089,3382,3218,-5.1,PASS,A,【中古】 【良品】 ブライトリング スーパーオーシャン ターコイズ [ブルー系] A17376211L2A1/A17376 ステンレススティ,https://item.rakuten.co.jp/emedama/2245460008618/
2026-08-27,116500LN,commit,29390,32182,30111,-6.9,PASS,A,ロレックス デイトナ Ref.116500LN ステンレススチール ホワイト文字盤 美中古 iu5qpf7r,https://commit-watch.co.jp/products/iu5qpf7r
2026-08-27,126334,kitamura,13222,14478,13222,-9.5,PASS,A,【中古】 【美品】 ロレックス(ROLEX) デイトジャスト 41 ダークロジウム [グレー系] 126334 ステンレス/ホワイトゴールド,https://item.rakuten.co.jp/emedama/2245460006904/
2026-08-27,268622,kitamura,13374,14644,13031,-12.4,PASS,A,【中古】 【美品】 ロレックス(ROLEX) ヨットマスター ロレジウム スレート [グレー系] 268622 ステンレス/プラチナ 【1年,https://item.rakuten.co.jp/emedama/2245460008823/
2026-08-27,126234,kitamura,13093,14337,12559,-14.2,PASS,A,【中古】 【並品】 ロレックス(ROLEX) デイトジャスト 36 ブルー 126234 ステンレス/ホワイトゴールド フルーテッドモチーフ,https://item.rakuten.co.jp/emedama/2448690071364/
2026-08-27,116660,kitamura,12567,13760,10238,-34.4,PASS,A,【中古】 【良品】 ロレックス(ROLEX) シードゥエラー ディープブルー 116660 ステンレス 【1年保証】,https://item.rakuten.co.jp/emedama/2448040084266/
2026-08-27,16570,kitamura,10043,10997,8151,-34.9,PASS,A,【中古】 【良品】 ロレックス(ROLEX) エクスプローラーII ホワイト 16570 ステンレス 【1年保証】,https://item.rakuten.co.jp/emedama/2448590088080/
2026-08-27,16700,kitamura,13072,14314,10105,-41.7,PASS,A,【中古】 【良品】 ロレックス(ROLEX) GMTマスター ブラック 16700 ステンレス 【1年保証】,https://item.rakuten.co.jp/emedama/2484290059449/
2026-08-27,WSTA0030,kitamura,2690,2945,4123,28.6,BUY,B,【中古】 【良品】 カルティエ タンクソロ SM シルバー WSTA0030 ステンレススティール 【1年保証】,https://item.rakuten.co.jp/emedama/2245460009127/
2026-08-27,79950,kitamura,2562,2806,3531,20.5,BUY,B,【中古】 【良品】 チューダー レンジャー ブラック 79950 ステンレススティール SSブレス 【1年保証】,https://item.rakuten.co.jp/emedama/2443060215072/
2026-08-27,179174,kitamura,7529,8244,9958,17.2,BUY,B,【中古】 【良品】 ロレックス(ROLEX) デイトジャスト 26 ブラック 179174 ステンレス/ホワイトゴールド ローマ JB 【1,https://item.rakuten.co.jp/emedama/2245460007253/
2026-08-27,216570,kitamura,8354,9148,10934,16.3,BUY,B,【中古】 【良品】 ロレックス(ROLEX) エクスプローラーII ブラック 216570 ステンレス 【1年保証】,https://item.rakuten.co.jp/emedama/2403281142960/
2026-08-27,126900,kitamura,8220,9001,9844,8.6,BUY OPPORTUNITY,B,【中古】 【美品】 ロレックス(ROLEX) エアキング ブラック 126900 ステンレス 【1年保証】,https://item.rakuten.co.jp/emedama/2447520077798/
2026-08-27,79470,kitamura,3089,3382,3537,4.4,BUY OPPORTUNITY,B,【中古】 【美品】 チューダー ブラックベイ プロ ブラック 79470 ステンレススティール ラバーベルト 【1年保証】,https://item.rakuten.co.jp/emedama/2245460009219/
2026-08-27,124200,kitamura,8705,9532,9855,3.3,BUY OPPORTUNITY,B,【中古】 【良品】 ロレックス(ROLEX) オイスターパーペチュアル 34 124200 オイスターブレス ラベンダー パープル系 【1年,https://item.rakuten.co.jp/emedama/2245460009011/
2026-08-27,332.10.41.51.01.002,kitamura,7360,8059,8163,1.3,BUY OPPORTUNITY,B,【中古】 【美品】 オメガ(OMEGA) スピードマスター パイロット ブラック 332.10.41.51.01.002 ステンレススティー,https://item.rakuten.co.jp/emedama/2245460008267/
2026-08-27,136660,kitamura,12745,13956,14124,1.2,BUY OPPORTUNITY,B,【中古】 【美品】 ロレックス(ROLEX) シードゥエラー ディープシー ブラック 136660 ステンレス 【1年保証】,https://item.rakuten.co.jp/emedama/2245460006485/
2026-08-27,116900,kitamura,8220,9001,7939,-13.4,PASS,B,【中古】 【良品】 ロレックス(ROLEX) エアキング ブラック 116900 ステンレス 【1年保証】,https://item.rakuten.co.jp/emedama/2245460009653/
2026-08-28,X83310F61B1S1,housekihiroba,1760,1927,2956,34.8,BUY,A,ブライトリング BREITLING プロフェッショナル エンデュランス プロ 38 X83310F61B1S1【新品】ユニセックス 腕時計 ,https://item.rakuten.co.jp/houseki-h/br1213/
2026-08-28,126660,commit,10813,11840,14662,19.2,BUY,A,ロレックス シードゥエラー ディープシー Ref.126660 ステンレススチール D-BLUE文字盤 美中古 7x7kt6m3,https://commit-watch.co.jp/products/7x7kt6m3
2026-08-28,28400,bettyroad,2326,2547,3121,18.4,BUY,A,チューダー(チュードル) TUDOR ロイヤル 28400-0002 新品 時計 レディース,https://item.rakuten.co.jp/bettyroad/tu746/
2026-08-28,126713GRNR,commit,20306,22235,27156,18.1,BUY,A,ロレックス GMTマスターII Ref.126713GRNR ステンレススチール/イエローゴールド ブラック文字盤 ジュビリーブレスレット ,https://commit-watch.co.jp/products/cj3oj6ue
2026-08-28,126610LV,commit,13202,14456,16195,10.7,BUY OPPORTUNITY,A,ロレックス サブマリーナー デイト Ref.126610LV ステンレススチール ブラック文字盤 中古 rtnsws7m,https://commit-watch.co.jp/products/rtnsws7m
2026-08-28,WSSA0086,bettyroad,4347,4760,5025,5.3,BUY OPPORTUNITY,A,カルティエ CARTIER サントス デュモン SM WSSA0086 新品 時計 レディース,https://item.rakuten.co.jp/bettyroad/ca1054/
2026-08-28,WSTA0129,bettyroad,4005,4386,4380,-0.1,BUY OPPORTUNITY,A,カルティエ CARTIER タンク フランセーズ SM WSTA0129 新品 時計 レディース,https://item.rakuten.co.jp/bettyroad/ca1014/
2026-08-28,268622,bettyroad,12471,13656,13031,-4.8,PASS,A,ロレックス ROLEX ヨットマスターロレジウム 268622 中古 時計 ボーイズ,https://item.rakuten.co.jp/bettyroad/6319111/
2026-08-28,52509,rasin,20460,22404,21000,-6.7,PASS,A,Rolex 1908 52509 White Random Number Used Men&#39;s,https://en.www.rasin.co.jp/SHOP/U-52509WH.html
2026-08-28,W5200000,bettyroad,2266,2482,2300,-7.9,PASS,A,カルティエ CARTIER タンクソロ SM W5200000 中古 時計 レディース,https://item.rakuten.co.jp/bettyroad/6273192/
2026-08-28,77451OR,bettyroad,94735,103735,93075,-11.5,PASS,A,オーデマ ピゲ AUDEMARS PIGUET ロイヤル オーク オートマティック 77451OR.ZZ.1361OR.03 新品 時計 レ,https://item.rakuten.co.jp/bettyroad/ap327/
2026-08-28,279381RBR,bettyroad,21465,23504,20804,-13.0,PASS,A,ロレックス ROLEX レディ デイトジャスト 28 279381RBR 中古 時計 レディース,https://item.rakuten.co.jp/bettyroad/6316981/
2026-08-28,WSSA0061,bettyroad,7615,8338,7118,-17.1,PASS,A,カルティエ CARTIER サントス ドゥ カルティエ MM WSSA0061 新品 時計 メンズ,https://item.rakuten.co.jp/bettyroad/ca839/
2026-08-28,WSSA0085,bettyroad,4785,5239,4369,-19.9,PASS,A,カルティエ CARTIER サントス デュモン LM WSSA0085 新品 時計 男女兼用,https://item.rakuten.co.jp/bettyroad/ca1050/
2026-08-28,WSPN0007,bettyroad,5276,5778,4818,-19.9,PASS,A,カルティエ CARTIER パンテール ドゥ カルティエ MM WSPN0007 中古 時計 レディース,https://item.rakuten.co.jp/bettyroad/6378651/
2026-08-28,50519,commit,10561,11565,18193,36.4,BUY,B,ロレックス チェリーニ デイト Ref.50519 ホワイトゴールド ブラック文字盤 中古 esx6pug4,https://commit-watch.co.jp/products/esx6pug4
2026-08-28,68273,bettyroad,7195,7879,9087,13.3,BUY OPPORTUNITY,B,ロレックス ROLEX デイトジャスト 31 68273 中古 時計 ボーイズ,https://item.rakuten.co.jp/bettyroad/6285188/
2026-08-29,136.029,commit,41408,45342,59130,23.3,BUY,A,A.ランゲ＆ゾーネ ランゲ1 タイムゾーン Ref.136.029 ホワイトゴールド ブラック文字盤 美中古 osdb5vg7,https://commit-watch.co.jp/products/osdb5vg7
2026-08-29,26393ST,commit,22712,24869,29018,14.3,BUY OPPORTUNITY,A,オーデマピゲ CODE 11.59 バイ オーデマ ピゲ クロノグラフ Ref.26393ST.OO.A009KB.01 ステンレススチール,https://commit-watch.co.jp/products/hdhmfvu5
2026-08-29,126519LN,commit,47682,52212,51876,-0.6,BUY OPPORTUNITY,A,ロレックス デイトナ Ref.126519LN ホワイトゴールド ブライトブラックxスチール文字盤 未使用 i4f9txk3,https://commit-watch.co.jp/products/i4f9txk3
2026-08-29,116680,rasin,17567,19236,17401,-10.5,PASS,A,PRICEDOWN ROLEX Yacht Master II New Mercedes Benz Needle 116680 White ,https://en.www.rasin.co.jp/SHOP/U-116680-8.html
2026-08-29,126500LN,commit,35761,39159,35412,-10.6,PASS,A,ロレックス デイトナ Ref.126500LN ステンレススチール ホワイト文字盤 未使用 n3ux2he5,https://commit-watch.co.jp/products/n3ux2he5
2026-08-29,114200,rasin,6160,6745,6081,-10.9,PASS,A,PRICEDOWN Rolex Air King 114200 Silver Concentric Orange Arabian M Siz,https://en.www.rasin.co.jp/SHOP/U-114200SVA.html
2026-08-29,279383RBR,rasin,18708,20485,16057,-27.6,PASS,A,Rolex Datejust Bezel Diamond IX Diamond 9P Star Diamond 279383RBR Cham,https://en.www.rasin.co.jp/SHOP/U-279383RBRGIX.html
2026-08-29,116506,rasin,139053,152263,98549,-54.5,PASS,A,PRICEDOWN ROLEX Cosmograph Daytona 116506 Ice Blue Arabic Random Numbe,https://en.www.rasin.co.jp/SHOP/U-116506-5.html
2026-08-29,7920V/210A-B546,commit,28181,30859,36135,14.6,BUY OPPORTUNITY,A,ヴァシュロンコンスタンタン オーヴァーシーズ デュアルタイム Ref.7920V/210A-B546 ステンレススチール ブラック文字盤 中,https://commit-watch.co.jp/products/sig6giq8
2026-08-29,116710LN,commit,11273,12343,14234,13.3,BUY OPPORTUNITY,A,ロレックス GMTマスターII Ref.116710LN ステンレススチール ブラック文字盤 オイスターブレスレット 美品 qr6srbff,https://commit-watch.co.jp/products/qr6srbff
2026-08-29,126720VTNR,commit,17097,18721,17628,-6.2,PASS,A,ロレックス GMTマスターII Ref.126720VTNR ステンレススチール ブラック文字盤 ジュビリーブレスレット 未使用 rcv6q,https://commit-watch.co.jp/products/rcv6qux6
2026-08-29,126613LB,commit,19915,21807,17518,-24.5,PASS,A,ロレックス サブマリーナー デイト Ref.126613LB ステンレススチール/イエローゴールド ブルー文字盤 未使用 23s4qqrv,https://commit-watch.co.jp/products/23s4qqrv
2026-08-30,277200,rasin,6319,6920,9351,26.0,BUY,B,ROLEX Oyster Perpetual 31 277200 Silver Random Serial Number Used Boys,https://en.www.rasin.co.jp/SHOP/U-277200SV.html
2026-08-30,116508,commit,65443,71661,84096,14.8,BUY OPPORTUNITY,B,ロレックス デイトナ Ref.116508 イエローゴールド グリーン文字盤 美品 9dmcm6f4,https://commit-watch.co.jp/products/9dmcm6f4
2026-09-01,126720VTNR,commit,16408,17967,17628,-1.9,BUY OPPORTUNITY,A,ロレックス GMTマスターII Ref.126720VTNR ステンレススチール ブラック文字盤 ジュビリーブレスレット 美品 29b5ku,https://commit-watch.co.jp/products/29b5kuh3
2026-09-01,1680,commit,11273,12343,11496,-7.4,PASS,A,ロレックス サブマリーナー デイト Ref.1680 ステンレススチール ブラック文字盤 中古 n5qgions,https://commit-watch.co.jp/products/n5qgions
2026-09-01,127334,commit,21599,23651,29198,19.0,BUY,A,ロレックス ランドドゥエラー Ref.127334 ステンレススチール/ホワイトゴールド ホワイト文字盤 ジュビリーブレスレット 美中古 9,https://commit-watch.co.jp/products/9c4rmg3x
2026-09-01,126710BLNR,commit,16277,17824,18889,5.6,BUY OPPORTUNITY,A,ロレックス GMTマスターII Ref.126710BLNR ステンレススチール ブラック文字盤 ジュビリーブレスレット 美品 2n2ad2,https://commit-watch.co.jp/products/2n2ad2gx
2026-09-01,126500LN,commit,35372,38733,35412,-9.4,PASS,A,ロレックス デイトナ Ref.126500LN ステンレススチール ホワイト文字盤 美品 ynwohpu7,https://commit-watch.co.jp/products/ynwohpu7
2026-09-01,116500LN,commit,30552,33454,30111,-11.1,PASS,A,ロレックス デイトナ Ref.116500LN ステンレススチール ホワイト文字盤 中古 5j5ka3hc,https://commit-watch.co.jp/products/5j5ka3hc
2026-09-01,116520,rasin,28343,31036,26372,-17.7,PASS,A,Rolex Cosmograph Daytona 116520 White V Series Unused Men&#39;s,https://en.www.rasin.co.jp/SHOP/S-116520WHDS.html
2026-09-01,126518LN,commit,64484,70610,57241,-23.4,PASS,A,ロレックス デイトナ Ref.126518LN イエローゴールド ゴールデンxブライトブラック文字盤 未使用 4oeivpsk,https://commit-watch.co.jp/products/4oeivpsk
2026-09-01,126508,commit,87022,95289,70354,-35.4,PASS,A,ロレックス デイトナ Ref.126508 イエローゴールド グリーン文字盤 未使用 fvih26ti,https://commit-watch.co.jp/products/fvih26ti
2026-09-01,126600,commit,10768,11791,13961,15.5,BUY,B,ロレックス シードゥエラー Ref.126600 ステンレススチール ブラック文字盤 中古 wvcuxjtk,https://commit-watch.co.jp/products/wvcuxjtk
2026-09-01,14060M,commit,10518,11517,12264,6.1,BUY OPPORTUNITY,B,ロレックス サブマリーナー ノンデイト Ref.14060M ステンレススチール ブラック文字盤 中古 2kpbn2ya,https://commit-watch.co.jp/products/2kpbn2ya
2026-09-01,126715CHNR,commit,39755,43531,43832,0.7,BUY OPPORTUNITY,B,ロレックス GMTマスターII Ref.126715CHNR エバーローズゴールド ブラック文字盤 オイスターブレスレット 未使用 ups2,https://commit-watch.co.jp/products/ups2owo8
2026-09-01,124273,commit,10956,11997,12976,7.5,BUY OPPORTUNITY,A,ロレックス エクスプローラー36 Ref.124273 ステンレススチール/イエローゴールド ブラック文字盤 オイスターブレスレット 美品 ,https://commit-watch.co.jp/products/6or936z4
2026-09-01,124270,kitamura,10288,11266,9360,-20.4,PASS,A,【中古】 【新品同様】 ロレックス(ROLEX) エクスプローラーI ブラック 124270 ステンレス 【1年保証】,https://item.rakuten.co.jp/emedama/2445740037752/
2026-09-01,224270,kitamura,10737,11757,10292,-14.2,PASS,B,【中古】 【新品同様】 ロレックス(ROLEX) エクスプローラーI ブラック 224270 ステンレス 【1年保証】,https://item.rakuten.co.jp/emedama/2445740038001/
2026-09-02,16610,commit,8429,9230,10949,15.7,BUY,A,ロレックス サブマリーナー デイト Ref.16610 ステンレススチール ブラック文字盤 中古 q945975z,https://commit-watch.co.jp/products/q945975z
2026-09-02,220.10.38.20.01.004,bettyroad,5438,5954,7003,15.0,BUY,A,オメガ OMEGA シーマスター アクアテラ コーアクシャル マスター クロノメーター 220.10.38.20.01.004 新品 時計 ,https://item.rakuten.co.jp/bettyroad/om1644/
2026-09-02,W4BB0021,bettyroad,7366,8066,7665,-5.2,PASS,A,カルティエ CARTIER バロン ブルー ドゥ カルティエ 33mm W4BB0021 新品 時計 レディース,https://item.rakuten.co.jp/bettyroad/ca667/
2026-09-02,WSPN0016,bettyroad,6288,6886,6454,-6.7,PASS,A,カルティエ CARTIER パンテール ドゥ カルティエ LM WSPN0016 新品 時計 男女兼用,https://item.rakuten.co.jp/bettyroad/ca1021/
2026-09-02,WSTA0067,bettyroad,6168,6754,6236,-8.3,PASS,A,カルティエ CARTIER タンクフランセーズ LM WSTA0067 新品 時計 メンズ,https://item.rakuten.co.jp/bettyroad/ca785/
2026-09-02,WSBB0062,bettyroad,5737,6282,5748,-9.3,PASS,A,カルティエ CARTIER バロン ブルー ドゥ カルティエ 33mm WSBB0062 新品 時計 レディース,https://item.rakuten.co.jp/bettyroad/ca802/
2026-09-02,336938,commit,71803,78625,71722,-9.6,PASS,A,ロレックス スカイドゥエラー Ref.336938 イエローゴールド グリーン文字盤 ジュビリーブレスレット 未使用 jyvqo6zd,https://commit-watch.co.jp/products/jyvqo6zd
2026-09-02,116500LN,commit,30594,33501,30111,-11.3,PASS,A,ロレックス デイトナ Ref.116500LN ステンレススチール ホワイト文字盤 未使用 8qrdeyrw,https://commit-watch.co.jp/products/8qrdeyrw
2026-09-02,WSPN0015,bettyroad,5617,6151,5475,-12.3,PASS,A,カルティエ CARTIER パンテール ドゥ カルティエ MM WSPN0015 新品 時計 レディース,https://item.rakuten.co.jp/bettyroad/ca1015/
2026-09-02,52508,commit,41209,45124,36239,-24.5,PASS,A,ロレックス 1908 Ref.52508 イエローゴールド ブラック文字盤 ジュビリーブレスレット 中古 ikqoefaf,https://commit-watch.co.jp/products/ikqoefaf
2026-09-02,76080,bettyroad,3761,4118,3281,-25.5,PASS,A,ロレックス ROLEX オイスター パーペチュアル 76080 中古 時計 レディース,https://item.rakuten.co.jp/bettyroad/6406675/
2026-09-02,79653,bettyroad,5869,6427,4107,-56.5,PASS,A,チューダー(チュードル) TUDOR ブラックベイ 36 79653-0007 新品 時計 男女兼用,https://item.rakuten.co.jp/bettyroad/tu773/
2026-09-02,69173,bettyroad,5198,5692,7660,25.7,BUY,B,ロレックス ROLEX デイトジャスト 26 69173 中古 時計 レディース,https://item.rakuten.co.jp/bettyroad/6319524/
2026-09-02,126231,housekihiroba,15893,17403,20505,15.1,BUY,B,デイトジャスト 36,https://housekihiroba.jp/shop/g/g662515001/
2026-09-02,WSPN0012,bettyroad,4252,4656,5364,13.2,BUY OPPORTUNITY,B,カルティエ CARTIER パンテール ドゥ カルティエ ミニ WSPN0012 新品 時計 レディース,https://item.rakuten.co.jp/bettyroad/ca1005/
2026-09-03,116503,commit,19298,21132,24528,13.8,BUY OPPORTUNITY,A,ロレックス デイトナ Ref.116503 ステンレススチール/イエローゴールド ホワイト文字盤 中古 mfm8tsxh,https://commit-watch.co.jp/products/mfm8tsxh
2026-09-03,127334,commit,23496,25728,29198,11.9,BUY OPPORTUNITY,A,ロレックス ランドドゥエラー Ref.127334 ステンレススチール/ホワイトゴールド ホワイト文字盤 ジュビリーブレスレット 未使用 p,https://commit-watch.co.jp/products/pjqwxxid
2026-09-03,16613,commit,11779,12898,14327,10.0,BUY OPPORTUNITY,A,ロレックス サブマリーナー デイト Ref.16613 ステンレススチール/イエローゴールド ブルー文字盤 中古 rtr9xh46,https://commit-watch.co.jp/products/rtr9xh46
2026-09-03,128235,commit,50627,55436,58577,5.4,BUY OPPORTUNITY,A,ロレックス デイデイト36 Ref.128235 エバーローズゴールド オリーブグリーン文字盤 未使用 y938fhrj,https://commit-watch.co.jp/products/y938fhrj
2026-09-03,126610LV,commit,14098,15437,16195,4.7,BUY OPPORTUNITY,A,ロレックス サブマリーナー デイト Ref.126610LV ステンレススチール ブラック文字盤 未使用 ut7a3o7x,https://commit-watch.co.jp/products/ut7a3o7x
2026-09-03,228235,commit,48246,52829,50370,-4.9,PASS,A,ロレックス デイデイト40 Ref.228235 エバーローズゴールド オリーブグリーン文字盤 中古 cjme2wgi,https://commit-watch.co.jp/products/cjme2wgi
2026-09-03,126720VTNR,commit,16917,18524,17628,-5.1,PASS,A,ロレックス GMTマスターII Ref.126720VTNR ステンレススチール ブラック文字盤 ジュビリーブレスレット 未使用 ckbd3,https://commit-watch.co.jp/products/ckbd3tpr
2026-09-03,116506,rasin,142288,155805,98549,-58.1,PASS,A,ロレックス コスモグラフ デイトナ 116506 アイスブルー アラビア ランダム番 中古 メンズ,https://en.www.rasin.co.jp/SHOP/U-116506-5.html
2026-09-03,114060,commit,10526,11526,13232,12.9,BUY OPPORTUNITY,B,ロレックス サブマリーナー ノンデイト Ref.114060 ステンレススチール ブラック文字盤 中古 uf3z6cu8,https://commit-watch.co.jp/products/uf3z6cu8
2026-09-03,126525LN,commit,186717,204455,223380,8.5,BUY OPPORTUNITY,B,ロレックス デイトナ Ref.126525LN エバーローズゴールド ブライトブラック文字盤 未使用 tqef8zwi,https://commit-watch.co.jp/products/tqef8zwi
2026-09-04,126622,commit,12820,14038,18035,22.2,BUY,A,ロレックス ヨットマスター40 Ref.126622 ステンレススチール/プラチナ ブライトブルー文字盤 美中古 dzgm9u9r,https://commit-watch.co.jp/products/dzgm9u9r
2026-09-04,16622,rasin,9661,10579,11990,11.8,BUY OPPORTUNITY,A,PRICEDOWN Rolex Yacht Master 16622 Silver Y Size Used Men&#39;s,https://en.www.rasin.co.jp/SHOP/U-16622SV-14.html
2026-09-04,116710LN,commit,12691,13897,14234,2.4,BUY OPPORTUNITY,A,ロレックス GMTマスターII Ref.116710LN ステンレススチール ブラック文字盤 オイスターブレスレット 中古 x9q2pmnq,https://commit-watch.co.jp/products/x9q2pmnq
2026-09-04,126711CHNR,commit,22114,24215,21844,-10.9,PASS,A,ロレックス GMTマスターII Ref.126711CHNR ステンレススチール/エバーローズゴールド ブラック文字盤 オイスターブレスレッ,https://commit-watch.co.jp/products/fz3xjemu
2026-09-05,126233,commit,15040,16469,20394,19.2,BUY,A,ロレックス デイトジャスト36 Ref.126233 ステンレススチール/イエローゴールド フルーテッドモチーフ×10Pダイヤ文字盤 ジュビ,https://commit-watch.co.jp/products/56rcrd3h
2026-09-05,116610LN,commit,11008,12054,13247,9.0,BUY OPPORTUNITY,A,ロレックス サブマリーナー デイト Ref.116610LN ステンレススチール ブラック文字盤 中古 pa7r3m32,https://commit-watch.co.jp/products/pa7r3m32
2026-09-05,126500LN,commit,29440,32237,35412,9.0,BUY OPPORTUNITY,A,ロレックス デイトナ Ref.126500LN ステンレススチール ブラック文字盤 美中古 nh62wfx5,https://commit-watch.co.jp/products/nh62wfx5
2026-09-05,126506,commit,124160,135955,141945,4.2,BUY OPPORTUNITY,A,ロレックス デイトナ Ref.126506 プラチナ アイスブルー文字盤 未使用 3rde2fb2,https://commit-watch.co.jp/products/3rde2fb2
2026-09-05,126710BLRO,commit,24192,26490,26388,-0.4,BUY OPPORTUNITY,A,ロレックス GMTマスターII Ref.126710BLRO ステンレススチール ブラック文字盤 ジュビリーブレスレット 中古 jtkmuk,https://commit-watch.co.jp/products/jtkmukb6
2026-09-05,126508,commit,87680,96010,70354,-36.5,PASS,A,ロレックス デイトナ Ref.126508 イエローゴールド グリーン文字盤 未使用 j48r9rog,https://commit-watch.co.jp/products/j48r9rog
2026-09-05,6119R-001,commit,31360,34339,39447,12.9,BUY OPPORTUNITY,B,パテックフィリップ カラトラバ Ref.6119R-001 ローズゴールド シルバー文字盤 未使用 xobhkuzo,https://commit-watch.co.jp/products/xobhkuzo
2026-09-06,126503,commit,24320,26630,29016,8.2,BUY OPPORTUNITY,A,ロレックス デイトナ Ref.126503 ステンレススチール/イエローゴールド ホワイト文字盤 中古 hdn5ypg8,https://commit-watch.co.jp/products/hdn5ypg8
2026-09-06,126711CHNR,commit,19520,21374,21844,2.2,BUY OPPORTUNITY,A,ロレックス GMTマスターII Ref.126711CHNR ステンレススチール/エバーローズゴールド ブラック文字盤 オイスターブレスレッ,https://commit-watch.co.jp/products/r3qb7w94
2026-09-06,WGTA0357,bettyroad,16029,17551,15330,-14.5,PASS,A,カルティエ CARTIER タンク ルイ カルティエ ラージ WGTA0357 新品 時計 男女兼用,https://item.rakuten.co.jp/bettyroad/ca1096/
2026-09-06,126519LN,commit,56320,61670,51876,-18.9,PASS,A,ロレックス デイトナ Ref.126519LN ホワイトゴールド スチールxブライトブラック文字盤 未使用 n4c7tnrf,https://commit-watch.co.jp/products/n4c7tnrf
